# Blender 4.2.1 LTS
# www.blender.org
mtllib Colt.mtl
o colt
v -2.636667 0.781686 -0.029384
v -2.636667 0.781686 -0.042775
v -2.635579 0.776457 -0.029384
v -2.635579 0.776457 -0.042775
v -2.633628 0.771548 -0.029384
v -2.633628 0.771548 -0.042775
v -2.630730 0.767169 -0.029384
v -2.630730 0.767169 -0.042775
v -2.626780 0.763517 -0.029384
v -2.626780 0.763517 -0.042775
v -2.621563 0.760780 -0.029384
v -2.621563 0.760780 -0.042775
v -2.614730 0.759136 -0.029384
v -2.614730 0.759136 -0.042775
v -2.606507 0.758653 -0.029384
v -2.606507 0.758653 -0.042775
v -2.598077 0.759236 -0.029384
v -2.598077 0.759236 -0.042775
v -2.589783 0.760858 -0.029384
v -2.589783 0.760858 -0.042775
v -2.581967 0.763456 -0.029384
v -2.581967 0.763456 -0.042775
v -2.575793 0.766815 -0.029384
v -2.575793 0.766815 -0.042775
v -2.571464 0.770811 -0.029384
v -2.571464 0.770811 -0.042775
v -2.568595 0.775362 -0.029384
v -2.568595 0.775362 -0.042775
v -2.566932 0.780343 -0.029384
v -2.566932 0.780343 -0.042775
v -2.566320 0.785589 -0.029384
v -2.566320 0.785589 -0.042775
v -2.566624 0.790922 -0.029384
v -2.566624 0.790922 -0.042775
v -2.567713 0.796151 -0.029384
v -2.567713 0.796151 -0.042775
v -2.569664 0.801060 -0.029384
v -2.569664 0.801060 -0.042775
v -2.578432 0.810778 -0.029384
v -2.579020 0.810407 -0.042775
v -2.629303 0.804127 -0.029384
v -2.629145 0.804273 -0.042775
v -2.634696 0.797245 -0.029384
v -2.634696 0.797245 -0.042775
v -2.636360 0.792265 -0.029384
v -2.636360 0.792265 -0.042775
v -2.636972 0.787018 -0.029384
v -2.636972 0.787018 -0.042775
v -2.649031 0.780056 -0.029384
v -2.647767 0.773300 -0.029384
v -2.647767 0.773300 -0.042775
v -2.649031 0.780056 -0.042775
v -2.645523 0.766940 -0.029384
v -2.645523 0.766940 -0.042775
v -2.641354 0.761355 -0.029384
v -2.641354 0.761355 -0.042775
v -2.635391 0.756764 -0.029384
v -2.635391 0.756764 -0.042775
v -2.627952 0.753333 -0.029384
v -2.627952 0.753333 -0.042775
v -2.618531 0.751296 -0.029384
v -2.618531 0.751296 -0.042775
v -2.607909 0.750677 -0.029384
v -2.607909 0.750677 -0.042775
v -2.597047 0.751428 -0.029384
v -2.597047 0.751428 -0.042775
v -2.586361 0.753519 -0.029384
v -2.586361 0.753519 -0.042775
v -2.576263 0.756869 -0.029384
v -2.576263 0.756869 -0.042775
v -2.567692 0.761279 -0.029384
v -2.567692 0.761279 -0.042775
v -2.561396 0.766521 -0.029384
v -2.561396 0.766521 -0.042775
v -2.556828 0.772501 -0.029384
v -2.556828 0.772501 -0.042775
v -2.554249 0.778975 -0.029384
v -2.554249 0.778975 -0.042775
v -2.552979 0.785700 -0.029384
v -2.552979 0.785700 -0.042775
v -2.551211 0.792552 -0.029384
v -2.551211 0.792552 -0.042775
v -2.547861 0.799308 -0.029384
v -2.547861 0.799308 -0.042775
v -2.543958 0.805668 -0.029384
v -2.543958 0.805668 -0.042775
v -2.537575 0.815806 -0.029384
v -2.537575 0.815695 -0.042775
v -2.648674 0.800107 -0.029384
v -2.648674 0.800107 -0.042775
v -2.649043 0.793632 -0.029384
v -2.649043 0.793632 -0.042775
v -2.649561 0.786908 -0.029384
v -2.649561 0.786908 -0.042775
v -2.646608 0.801929 -0.029789
v -2.646339 0.802166 -0.029384
v -2.646337 0.802169 -0.042775
v -2.646608 0.801929 -0.042370
v -2.625689 0.934804 -0.027774
v -2.625689 0.934804 -0.044386
v -2.636937 0.919702 -0.027756
v -2.636937 0.919702 -0.044403
v -2.677317 0.945823 -0.033330
v -2.676418 0.956631 -0.033330
v -2.676418 0.956631 -0.038829
v -2.677317 0.945823 -0.038829
v -2.648543 0.944275 -0.030277
v -2.634675 0.937356 -0.028758
v -2.644474 0.941629 -0.029831
v -2.639398 0.939097 -0.029275
v -2.634675 0.937356 -0.043401
v -2.648543 0.944275 -0.041882
v -2.639398 0.939097 -0.042884
v -2.644474 0.941629 -0.042328
v -2.655570 0.931586 -0.041831
v -2.643453 0.922720 -0.043504
v -2.652025 0.928317 -0.042321
v -2.647590 0.925072 -0.042933
v -2.655570 0.931586 -0.030328
v -2.643453 0.922720 -0.028656
v -2.652025 0.928317 -0.029839
v -2.647590 0.925072 -0.029227
v -2.667528 0.954770 -0.032356
v -2.654246 0.948708 -0.030902
v -2.663001 0.953382 -0.031861
v -2.658139 0.951164 -0.031328
v -2.670973 0.943480 -0.032454
v -2.659145 0.935457 -0.030822
v -2.666933 0.941498 -0.031897
v -2.662603 0.938561 -0.031299
v -2.654246 0.948708 -0.041258
v -2.667528 0.954770 -0.039803
v -2.658139 0.951164 -0.040831
v -2.663001 0.953382 -0.040299
v -2.670973 0.943480 -0.039705
v -2.659145 0.935457 -0.041338
v -2.666933 0.941498 -0.040263
v -2.662603 0.938561 -0.040860
v -2.599033 0.807548 -0.039531
v -2.599033 0.807548 -0.031438
v -2.614836 0.804545 -0.039531
v -2.614836 0.804545 -0.031438
v -2.601250 0.770514 -0.036484
v -2.599815 0.774220 -0.036484
v -2.599815 0.774220 -0.034485
v -2.601250 0.770514 -0.034485
v -2.600827 0.781773 -0.037267
v -2.599850 0.802490 -0.039122
v -2.601086 0.788268 -0.037892
v -2.600759 0.795341 -0.038526
v -2.606423 0.778952 -0.037340
v -2.613580 0.798713 -0.039069
v -2.609314 0.784937 -0.037904
v -2.611715 0.791450 -0.038476
v -2.599850 0.802490 -0.031847
v -2.600827 0.781773 -0.033702
v -2.600759 0.795341 -0.032443
v -2.601086 0.788268 -0.033077
v -2.606423 0.778952 -0.033629
v -2.613580 0.798713 -0.031900
v -2.609314 0.784937 -0.033065
v -2.611715 0.791450 -0.032493
v -2.796555 0.661942 -0.011901
v -2.645785 0.864653 -0.011938
v -2.795432 0.661942 -0.061112
v -2.644307 0.863338 -0.061428
v -2.726233 0.661942 -0.006210
v -2.646608 0.810728 -0.010731
v -2.724363 0.661942 -0.064527
v -2.646608 0.809412 -0.060221
v -2.660091 0.808893 -0.010858
v -2.727752 0.723987 -0.013929
v -2.679849 0.802326 -0.011082
v -2.698209 0.788287 -0.011343
v -2.713372 0.769494 -0.012561
v -2.723060 0.748672 -0.013720
v -2.726548 0.723500 -0.057167
v -2.659064 0.807994 -0.060106
v -2.722023 0.748122 -0.057372
v -2.712459 0.768865 -0.058478
v -2.697297 0.787684 -0.059640
v -2.678899 0.801635 -0.059891
v -2.701180 0.839138 -0.061035
v -2.775258 0.744571 -0.057578
v -2.717873 0.828676 -0.060892
v -2.734655 0.815063 -0.060724
v -2.749883 0.800149 -0.059602
v -2.765286 0.775780 -0.058424
v -2.776344 0.745092 -0.015537
v -2.702207 0.839830 -0.012319
v -2.766335 0.776505 -0.014789
v -2.750796 0.801042 -0.013678
v -2.735566 0.815796 -0.012611
v -2.718823 0.829301 -0.012453
v -2.729242 0.686443 -0.060050
v -2.727061 0.670556 -0.062269
v -2.728654 0.678330 -0.060800
v -2.787525 0.686304 -0.015262
v -2.792940 0.670151 -0.013558
v -2.789891 0.678108 -0.014701
v -2.791916 0.670158 -0.059393
v -2.786619 0.686306 -0.057626
v -2.788939 0.678111 -0.058207
v -2.730752 0.686440 -0.010895
v -2.728768 0.670545 -0.008572
v -2.730241 0.678324 -0.010111
v -2.763635 0.661942 -0.071639
v -2.646608 0.837033 -0.064169
v -2.763635 0.661942 -0.000521
v -2.646187 0.836979 -0.007863
v -2.751951 0.734163 -0.009563
v -2.744149 0.761685 -0.009396
v -2.731628 0.784248 -0.008079
v -2.716432 0.801122 -0.006686
v -2.698861 0.815402 -0.006431
v -2.680635 0.825019 -0.006213
v -2.751951 0.734163 -0.062594
v -2.744152 0.761704 -0.062763
v -2.731628 0.784250 -0.064080
v -2.716432 0.801052 -0.065473
v -2.698861 0.815402 -0.065729
v -2.680635 0.825019 -0.065947
v -2.760948 0.686368 -0.066425
v -2.761967 0.678209 -0.067296
v -2.762899 0.670336 -0.069042
v -2.760948 0.686368 -0.005734
v -2.761967 0.678209 -0.004863
v -2.762899 0.670336 -0.003117
v -2.646608 0.810728 -0.010731
v -2.646608 0.809412 -0.060221
v -2.458098 0.832708 -0.011938
v -2.458491 0.932471 -0.010731
v -2.458098 0.832708 -0.060221
v -2.458491 0.932471 -0.061428
v -2.460062 0.920501 -0.066257
v -2.460062 0.920501 -0.005903
v -2.636789 0.914100 -0.005903
v -2.620263 0.938339 -0.010731
v -2.620263 0.938339 -0.061428
v -2.636789 0.914100 -0.066257
v -2.646607 0.798730 -0.036080
v -2.623044 0.941721 -0.036080
v -2.450244 0.822762 -0.036080
v -2.450244 0.938459 -0.036080
v -2.450244 0.920856 -0.036080
v -2.646607 0.913744 -0.036080
v -2.646607 0.851053 -0.066257
v -2.460062 0.866729 -0.066257
v -2.460062 0.866729 -0.005903
v -2.646607 0.851053 -0.005903
v -2.646607 0.847379 -0.036080
v -2.450244 0.864254 -0.036080
v -2.587634 0.884562 -0.091899
v -2.478551 0.884562 -0.087724
v -2.587634 0.875006 -0.090826
v -2.478551 0.875721 -0.086731
v -2.587634 0.865817 -0.087650
v -2.478551 0.867219 -0.083792
v -2.587634 0.857348 -0.082492
v -2.478551 0.859384 -0.079020
v -2.587634 0.849925 -0.075550
v -2.478551 0.852516 -0.072597
v -2.587634 0.843833 -0.067091
v -2.478551 0.846880 -0.064771
v -2.587634 0.839307 -0.057441
v -2.478551 0.842692 -0.055843
v -2.587634 0.836519 -0.046970
v -2.478551 0.840113 -0.046155
v -2.587634 0.835578 -0.036080
v -2.478551 0.839242 -0.036080
v -2.587634 0.836519 -0.025190
v -2.478551 0.840113 -0.026005
v -2.587634 0.839307 -0.014719
v -2.478551 0.842692 -0.016316
v -2.587634 0.843833 -0.005068
v -2.478551 0.846880 -0.007388
v -2.587634 0.849925 0.003390
v -2.478551 0.852516 0.000438
v -2.587634 0.857348 0.010332
v -2.478551 0.859384 0.006861
v -2.587634 0.865817 0.015491
v -2.478551 0.867219 0.011633
v -2.587634 0.875006 0.018667
v -2.478551 0.875721 0.014572
v -2.587634 0.884562 0.019740
v -2.478551 0.884562 0.015564
v -2.587634 0.894118 0.018667
v -2.478551 0.893404 0.014572
v -2.587634 0.903308 0.015491
v -2.478551 0.901905 0.011633
v -2.587634 0.911776 0.010332
v -2.478551 0.909741 0.006861
v -2.587634 0.919199 0.003390
v -2.478551 0.916608 0.000438
v -2.587634 0.925291 -0.005068
v -2.478551 0.922244 -0.007388
v -2.587634 0.929818 -0.014719
v -2.478551 0.926432 -0.016317
v -2.587634 0.932605 -0.025190
v -2.478551 0.929011 -0.026005
v -2.587634 0.933546 -0.036080
v -2.478551 0.929882 -0.036080
v -2.587634 0.932605 -0.046970
v -2.478551 0.929011 -0.046155
v -2.587634 0.929818 -0.057441
v -2.478551 0.926432 -0.055843
v -2.587634 0.925291 -0.067091
v -2.478551 0.922244 -0.064772
v -2.587634 0.919199 -0.075550
v -2.478551 0.916608 -0.072597
v -2.587634 0.911776 -0.082492
v -2.478551 0.909741 -0.079020
v -2.587634 0.903307 -0.087650
v -2.478551 0.901905 -0.083792
v -2.587634 0.894118 -0.090826
v -2.478551 0.893404 -0.086731
v -2.492469 0.904965 0.016492
v -2.573716 0.904965 0.016280
v -2.492469 0.902913 0.016261
v -2.573716 0.902950 0.016054
v -2.492469 0.900940 0.015579
v -2.492469 0.899122 0.014472
v -2.492469 0.915482 0.004507
v -2.492469 0.915280 0.006845
v -2.573716 0.915108 0.006681
v -2.492469 0.914682 0.009093
v -2.573716 0.914510 0.009012
v -2.492469 0.913710 0.011165
v -2.573716 0.913555 0.011048
v -2.492469 0.912402 0.012981
v -2.573716 0.912270 0.012832
v -2.492469 0.910808 0.014472
v -2.573716 0.910705 0.014296
v -2.492469 0.908990 0.015579
v -2.573716 0.908919 0.015384
v -2.492469 0.907017 0.016261
v -2.573716 0.906981 0.016054
v -2.492469 0.915284 0.002212
v -2.573716 0.911574 0.009987
v -2.492469 0.909943 0.007206
v -2.554455 0.915379 0.004507
v -2.573716 0.903168 0.015106
v -2.492469 0.902045 0.012017
v -2.492469 0.897994 0.013417
v -2.590023 0.901002 0.015409
v -2.573716 0.901689 0.015618
v -2.537147 0.899163 0.014402
v -2.492469 0.879672 0.022839
v -2.573716 0.879672 0.022627
v -2.492469 0.877620 0.022609
v -2.573716 0.877656 0.022401
v -2.492469 0.875647 0.021927
v -2.573716 0.875718 0.021731
v -2.492469 0.873828 0.020819
v -2.573716 0.873932 0.020643
v -2.492469 0.872235 0.019329
v -2.573716 0.872366 0.019179
v -2.492469 0.870927 0.017512
v -2.573716 0.871081 0.017395
v -2.492469 0.869955 0.015440
v -2.492469 0.869356 0.013192
v -2.492469 0.889388 0.015440
v -2.492469 0.888416 0.017512
v -2.492469 0.887108 0.019329
v -2.573716 0.887076 0.019042
v -2.492469 0.885515 0.020819
v -2.573716 0.885411 0.020643
v -2.492469 0.883696 0.021927
v -2.573716 0.883625 0.021731
v -2.492469 0.881723 0.022609
v -2.573716 0.881687 0.022401
v -2.504588 0.869376 0.013188
v -2.492469 0.869322 0.012792
v -2.573716 0.870792 0.016778
v -2.567615 0.870070 0.015386
v -2.573716 0.875077 0.018259
v -2.492469 0.875649 0.014980
v -2.573716 0.884562 0.019324
v -2.492469 0.884562 0.015980
v -2.555685 0.888329 0.017446
v -2.492469 0.856986 0.009189
v -2.492469 0.854934 0.008958
v -2.573716 0.854970 0.008750
v -2.492469 0.852961 0.008276
v -2.573716 0.853032 0.008081
v -2.492469 0.851143 0.007169
v -2.573716 0.851246 0.006993
v -2.492469 0.849549 0.005678
v -2.573716 0.849681 0.005529
v -2.492469 0.848241 0.003862
v -2.573716 0.848396 0.003745
v -2.492469 0.847269 0.001790
v -2.573716 0.847441 0.001709
v -2.492469 0.846671 -0.000458
v -2.573716 0.846853 -0.000499
v -2.492469 0.846469 -0.002796
v -2.492469 0.846671 -0.005134
v -2.492469 0.859038 0.008958
v -2.561628 0.858173 0.008924
v -2.544463 0.859021 0.008862
v -2.492469 0.860964 0.008292
v -2.492469 0.859181 0.007206
v -2.573716 0.856401 0.008911
v -2.592450 0.856986 0.008999
v -2.573716 0.850183 0.003096
v -2.492469 0.852258 0.000732
v -2.584188 0.846621 -0.002796
v -2.573716 0.846752 -0.001668
v -2.531264 0.846734 -0.005120
v -2.492469 0.847038 -0.006515
v -2.573716 0.857166 -0.081786
v -2.492469 0.856986 -0.081594
v -2.573716 0.854934 -0.081576
v -2.492469 0.854970 -0.081368
v -2.573716 0.852961 -0.080894
v -2.492469 0.853032 -0.080698
v -2.573716 0.851143 -0.079786
v -2.492469 0.851246 -0.079610
v -2.573716 0.849549 -0.078296
v -2.492469 0.849681 -0.078146
v -2.573716 0.848241 -0.076480
v -2.492469 0.848396 -0.076362
v -2.573716 0.847269 -0.074408
v -2.492469 0.847441 -0.074327
v -2.573716 0.846671 -0.072159
v -2.492469 0.846853 -0.072118
v -2.492469 0.846655 -0.069821
v -2.492469 0.846853 -0.067524
v -2.492469 0.861154 -0.080567
v -2.492469 0.859001 -0.081368
v -2.540000 0.846776 -0.067507
v -2.598168 0.846479 -0.069821
v -2.573716 0.846496 -0.070136
v -2.492469 0.847269 -0.065964
v -2.492469 0.852258 -0.072891
v -2.573716 0.850183 -0.075256
v -2.585459 0.857826 -0.081676
v -2.492469 0.859181 -0.079366
v -2.558339 0.859023 -0.081490
v -2.573716 0.879672 -0.095456
v -2.492469 0.879672 -0.095244
v -2.573716 0.877620 -0.095226
v -2.492469 0.877656 -0.095018
v -2.573716 0.875647 -0.094544
v -2.492469 0.875718 -0.094348
v -2.573716 0.873828 -0.093436
v -2.492469 0.873932 -0.093260
v -2.573716 0.872235 -0.091946
v -2.492469 0.872366 -0.091796
v -2.573716 0.870927 -0.090130
v -2.492469 0.871081 -0.090012
v -2.492469 0.870127 -0.087977
v -2.492469 0.869473 -0.085004
v -2.492469 0.889315 -0.087606
v -2.492469 0.888262 -0.090012
v -2.573716 0.887108 -0.091946
v -2.492469 0.886977 -0.091796
v -2.573716 0.885515 -0.093436
v -2.492469 0.885411 -0.093260
v -2.573716 0.883696 -0.094544
v -2.492469 0.883625 -0.094348
v -2.573716 0.881723 -0.095226
v -2.492469 0.881687 -0.095018
v -2.584589 0.869985 -0.088043
v -2.573716 0.870285 -0.088762
v -2.492469 0.875649 -0.087139
v -2.573716 0.875077 -0.090419
v -2.492469 0.884562 -0.088139
v -2.573716 0.884562 -0.091483
v -2.572269 0.888372 -0.090096
v -2.573716 0.887695 -0.091132
v -2.573716 0.904965 -0.089109
v -2.492469 0.904965 -0.088897
v -2.573716 0.902913 -0.088879
v -2.492469 0.902950 -0.088671
v -2.573716 0.900772 -0.088094
v -2.492469 0.901011 -0.088001
v -2.492469 0.899225 -0.086913
v -2.492469 0.915038 -0.074602
v -2.492469 0.915296 -0.077124
v -2.573716 0.915280 -0.079462
v -2.492469 0.915098 -0.079421
v -2.573716 0.914682 -0.081711
v -2.492469 0.914510 -0.081630
v -2.573716 0.913710 -0.083783
v -2.492469 0.913555 -0.083665
v -2.573716 0.912402 -0.085599
v -2.492469 0.912270 -0.085449
v -2.573716 0.910808 -0.087089
v -2.492469 0.910705 -0.086913
v -2.573716 0.908990 -0.088197
v -2.492469 0.908919 -0.088001
v -2.573716 0.907017 -0.088879
v -2.492469 0.906981 -0.088671
v -2.551556 0.899171 -0.087006
v -2.492469 0.897850 -0.085627
v -2.492469 0.902045 -0.084177
v -2.573716 0.903168 -0.087266
v -2.492469 0.909943 -0.079366
v -2.573716 0.911573 -0.082146
v -2.567369 0.915421 -0.077124
v -2.573716 0.915354 -0.078611
v -2.466347 0.914932 -0.048478
v -2.109809 0.914932 -0.048478
v -2.466347 0.905726 -0.041215
v -2.109809 0.905726 -0.041215
v -2.466347 0.905726 -0.030944
v -2.109809 0.905726 -0.030944
v -2.466347 0.914932 -0.023681
v -2.109809 0.914932 -0.023681
v -2.466347 0.927952 -0.023681
v -2.109809 0.927952 -0.023681
v -2.466347 0.937158 -0.030944
v -2.109809 0.937158 -0.030944
v -2.466347 0.937158 -0.041215
v -2.109809 0.937158 -0.041215
v -2.466347 0.927952 -0.048478
v -2.109809 0.927952 -0.048478
v -2.150720 0.935824 -0.032423
v -2.150720 0.935824 -0.039737
v -2.131775 0.935824 -0.032423
v -2.131775 0.955187 -0.032423
v -2.131775 0.935824 -0.039737
v -2.131775 0.955187 -0.039737
v -2.138707 0.935824 -0.039737
v -2.138707 0.955187 -0.039737
v -2.138707 0.935824 -0.032423
v -2.138707 0.955187 -0.032423
v -2.150720 0.940764 -0.032423
v -2.150720 0.940764 -0.039737
v -2.131775 0.940764 -0.039737
v -2.131775 0.940764 -0.032423
v -2.138707 0.940764 -0.032423
v -2.138707 0.940764 -0.039737
v -2.140170 0.950737 -0.032423
v -2.148486 0.941692 -0.032423
v -2.142063 0.947156 -0.032423
v -2.145107 0.943845 -0.032423
v -2.148486 0.941692 -0.039737
v -2.140170 0.950737 -0.039737
v -2.145107 0.943845 -0.039737
v -2.142063 0.947156 -0.039737
v -2.466347 0.907423 -0.051858
v -2.209641 0.907423 -0.051858
v -2.466347 0.900072 -0.049456
v -2.209641 0.900072 -0.049456
v -2.466347 0.894446 -0.045018
v -2.466347 0.891401 -0.039218
v -2.209641 0.891401 -0.039218
v -2.466347 0.891401 -0.032941
v -2.209641 0.891401 -0.032941
v -2.466347 0.894446 -0.027142
v -2.209641 0.894446 -0.027142
v -2.466347 0.900072 -0.022703
v -2.209641 0.900072 -0.022703
v -2.466347 0.907423 -0.020301
v -2.209641 0.907423 -0.020301
v -2.466347 0.915380 -0.020301
v -2.209641 0.915380 -0.020301
v -2.466347 0.922830 -0.023856
v -2.209641 0.922830 -0.023856
v -2.466347 0.922830 -0.048258
v -2.209641 0.922830 -0.048258
v -2.466347 0.915380 -0.051858
v -2.209641 0.915380 -0.051858
v -2.209641 0.905726 -0.030944
v -2.209641 0.914932 -0.023681
v -2.209641 0.905726 -0.041215
v -2.209641 0.914932 -0.048478
v -2.410097 0.902475 -0.026410
v -2.410097 0.902475 -0.045750
v -2.460193 0.902475 -0.026410
v -2.460193 0.851273 -0.026410
v -2.460193 0.902475 -0.045750
v -2.460193 0.851273 -0.045750
v -2.441864 0.902475 -0.045750
v -2.441864 0.851273 -0.045750
v -2.441864 0.902475 -0.026410
v -2.441864 0.851273 -0.026410
v -2.410097 0.889413 -0.026410
v -2.410097 0.889413 -0.045750
v -2.460193 0.889413 -0.045750
v -2.460193 0.889413 -0.026410
v -2.441864 0.889413 -0.026410
v -2.441864 0.889413 -0.045750
v -2.437994 0.863042 -0.026410
v -2.416004 0.886957 -0.026410
v -2.432988 0.872510 -0.026410
v -2.424939 0.881264 -0.026410
v -2.416004 0.886957 -0.045750
v -2.437994 0.863042 -0.045750
v -2.424939 0.881264 -0.045750
v -2.432988 0.872510 -0.045750
v -2.351120 0.901955 -0.045750
v -2.351120 0.901955 -0.026410
v -2.351120 0.889932 -0.045750
v -2.351120 0.889932 -0.026410
v -2.209641 0.894446 -0.045018
v -2.587638 0.884562 -0.091601
v -2.597687 0.884562 -0.090534
v -2.616254 0.884562 -0.082244
v -2.587638 0.874993 -0.090534
v -2.597687 0.875177 -0.089488
v -2.607349 0.875722 -0.086389
v -2.616254 0.876606 -0.081357
v -2.624060 0.877796 -0.074585
v -2.630466 0.879246 -0.066333
v -2.635225 0.880900 -0.056919
v -2.638156 0.882695 -0.046703
v -2.587638 0.865793 -0.087375
v -2.597687 0.866153 -0.086389
v -2.607349 0.867221 -0.083470
v -2.616254 0.868956 -0.078730
v -2.624060 0.871290 -0.072351
v -2.630466 0.874134 -0.064578
v -2.635225 0.877379 -0.055710
v -2.638156 0.880900 -0.046087
v -2.587638 0.857313 -0.082244
v -2.597687 0.857837 -0.081357
v -2.607349 0.859388 -0.078730
v -2.616254 0.861906 -0.074464
v -2.624060 0.865294 -0.068723
v -2.630466 0.869423 -0.061727
v -2.635225 0.874134 -0.053746
v -2.638156 0.879246 -0.045086
v -2.587638 0.849881 -0.075339
v -2.597687 0.850547 -0.074585
v -2.607349 0.852521 -0.072351
v -2.616254 0.855726 -0.068723
v -2.624060 0.860039 -0.063840
v -2.630466 0.865294 -0.057891
v -2.635225 0.871290 -0.051104
v -2.638156 0.877796 -0.043739
v -2.587638 0.843782 -0.066926
v -2.597687 0.844565 -0.066333
v -2.607349 0.846886 -0.064578
v -2.616254 0.850654 -0.061727
v -2.624060 0.855726 -0.057891
v -2.630466 0.861906 -0.053217
v -2.635225 0.868956 -0.047884
v -2.638156 0.876606 -0.042097
v -2.587638 0.839249 -0.057327
v -2.597687 0.840120 -0.056919
v -2.607349 0.842699 -0.055710
v -2.616254 0.846886 -0.053746
v -2.624060 0.852521 -0.051104
v -2.630466 0.859388 -0.047884
v -2.635225 0.867221 -0.044211
v -2.638156 0.875722 -0.040225
v -2.587638 0.836458 -0.046911
v -2.597687 0.837383 -0.046703
v -2.607349 0.840120 -0.046087
v -2.616254 0.844565 -0.045086
v -2.624060 0.850547 -0.043739
v -2.630466 0.857837 -0.042097
v -2.635225 0.866153 -0.040225
v -2.638156 0.875177 -0.038193
v -2.587638 0.835516 -0.036080
v -2.597687 0.836458 -0.036080
v -2.607349 0.839249 -0.036080
v -2.616254 0.843782 -0.036080
v -2.624060 0.849881 -0.036080
v -2.630466 0.857313 -0.036080
v -2.635225 0.865793 -0.036080
v -2.638156 0.874993 -0.036080
v -2.587638 0.836458 -0.025248
v -2.597687 0.837383 -0.025456
v -2.607349 0.840120 -0.026072
v -2.616254 0.844565 -0.027073
v -2.624060 0.850547 -0.028421
v -2.630466 0.857837 -0.030062
v -2.635225 0.866153 -0.031935
v -2.638156 0.875177 -0.033967
v -2.587638 0.839249 -0.014833
v -2.597687 0.840120 -0.015241
v -2.607349 0.842699 -0.016450
v -2.616254 0.846886 -0.018413
v -2.624060 0.852521 -0.021056
v -2.630466 0.859388 -0.024275
v -2.635225 0.867221 -0.027949
v -2.638156 0.875722 -0.031935
v -2.587638 0.843782 -0.005234
v -2.597687 0.844565 -0.005826
v -2.607349 0.846886 -0.007582
v -2.616254 0.850654 -0.010432
v -2.624060 0.855726 -0.014268
v -2.630466 0.861906 -0.018943
v -2.635225 0.868956 -0.024275
v -2.638156 0.876606 -0.030062
v -2.587638 0.849881 0.003180
v -2.597687 0.850547 0.002426
v -2.607349 0.852521 0.000192
v -2.616254 0.855726 -0.003436
v -2.624060 0.860039 -0.008319
v -2.630466 0.865294 -0.014268
v -2.635225 0.871290 -0.021056
v -2.638156 0.877796 -0.028421
v -2.587638 0.857313 0.010085
v -2.597687 0.857837 0.009198
v -2.607349 0.859388 0.006571
v -2.616254 0.861906 0.002305
v -2.624060 0.865294 -0.003436
v -2.630466 0.869423 -0.010432
v -2.635225 0.874134 -0.018413
v -2.638156 0.879246 -0.027073
v -2.587638 0.865793 0.015216
v -2.597687 0.866153 0.014230
v -2.607349 0.867221 0.011311
v -2.616254 0.868956 0.006571
v -2.624060 0.871290 0.000192
v -2.630466 0.874134 -0.007582
v -2.635225 0.877379 -0.016450
v -2.638156 0.880900 -0.026072
v -2.587638 0.874993 0.018375
v -2.597687 0.875177 0.017329
v -2.607349 0.875722 0.014230
v -2.616254 0.876606 0.009198
v -2.624060 0.877796 0.002426
v -2.630466 0.879246 -0.005826
v -2.635225 0.880900 -0.015241
v -2.638156 0.882695 -0.025456
v -2.587638 0.884562 0.019442
v -2.597687 0.884562 0.018375
v -2.607349 0.884562 0.015216
v -2.616254 0.884562 0.010085
v -2.624060 0.884562 0.003180
v -2.630466 0.884562 -0.005234
v -2.635225 0.884562 -0.014833
v -2.638156 0.884562 -0.025248
v -2.587638 0.894130 0.018375
v -2.597687 0.893946 0.017329
v -2.607349 0.893402 0.014230
v -2.616254 0.892517 0.009198
v -2.624060 0.891328 0.002426
v -2.630466 0.889878 -0.005826
v -2.635225 0.888223 -0.015241
v -2.638156 0.886428 -0.025456
v -2.587638 0.903331 0.015215
v -2.597687 0.902970 0.014230
v -2.607349 0.901902 0.011311
v -2.616254 0.900167 0.006571
v -2.624060 0.897833 0.000192
v -2.630466 0.894989 -0.007582
v -2.635225 0.891744 -0.016450
v -2.638156 0.888223 -0.026072
v -2.587638 0.911810 0.010085
v -2.597687 0.911286 0.009198
v -2.607349 0.909736 0.006571
v -2.616254 0.907218 0.002305
v -2.624060 0.903829 -0.003436
v -2.630466 0.899700 -0.010432
v -2.635225 0.894989 -0.018413
v -2.638156 0.889878 -0.027073
v -2.587638 0.919242 0.003180
v -2.597687 0.918576 0.002426
v -2.607349 0.916602 0.000191
v -2.616254 0.913397 -0.003436
v -2.624060 0.909084 -0.008319
v -2.630466 0.903829 -0.014268
v -2.635225 0.897833 -0.021056
v -2.638156 0.891328 -0.028421
v -2.639146 0.884562 -0.036080
v -2.587638 0.925342 -0.005234
v -2.597687 0.924558 -0.005826
v -2.607349 0.922237 -0.007582
v -2.616254 0.918469 -0.010432
v -2.624060 0.913397 -0.014268
v -2.630466 0.907218 -0.018943
v -2.635225 0.900167 -0.024275
v -2.638156 0.892517 -0.030062
v -2.587638 0.929874 -0.014833
v -2.597687 0.929003 -0.015241
v -2.607349 0.926425 -0.016450
v -2.616254 0.922237 -0.018413
v -2.624060 0.916602 -0.021056
v -2.630466 0.909736 -0.024275
v -2.635225 0.901902 -0.027949
v -2.638156 0.893402 -0.031935
v -2.587638 0.932665 -0.025248
v -2.597687 0.931741 -0.025456
v -2.607349 0.929003 -0.026072
v -2.616254 0.924558 -0.027073
v -2.624060 0.918576 -0.028421
v -2.630466 0.911286 -0.030062
v -2.635225 0.902970 -0.031935
v -2.638156 0.893946 -0.033967
v -2.587638 0.933607 -0.036080
v -2.597687 0.932665 -0.036080
v -2.607349 0.929874 -0.036080
v -2.616254 0.925342 -0.036080
v -2.624060 0.919242 -0.036080
v -2.630466 0.911810 -0.036080
v -2.635225 0.903331 -0.036080
v -2.638156 0.894130 -0.036080
v -2.587638 0.932665 -0.046911
v -2.597687 0.931741 -0.046703
v -2.607349 0.929003 -0.046087
v -2.616254 0.924558 -0.045086
v -2.624060 0.918576 -0.043739
v -2.630466 0.911286 -0.042097
v -2.635225 0.902970 -0.040225
v -2.638156 0.893946 -0.038193
v -2.587638 0.929874 -0.057327
v -2.597687 0.929003 -0.056919
v -2.607349 0.926425 -0.055710
v -2.616254 0.922237 -0.053746
v -2.624060 0.916602 -0.051104
v -2.630466 0.909736 -0.047884
v -2.635225 0.901902 -0.044211
v -2.638156 0.893402 -0.040225
v -2.587638 0.925342 -0.066926
v -2.597687 0.924558 -0.066333
v -2.607349 0.922237 -0.064578
v -2.616254 0.918469 -0.061727
v -2.624060 0.913397 -0.057891
v -2.630466 0.907218 -0.053217
v -2.635225 0.900167 -0.047884
v -2.638156 0.892517 -0.042097
v -2.587638 0.919242 -0.075339
v -2.597687 0.918576 -0.074585
v -2.607349 0.916602 -0.072351
v -2.616254 0.913397 -0.068723
v -2.624060 0.909084 -0.063840
v -2.630466 0.903829 -0.057891
v -2.635225 0.897833 -0.051104
v -2.638156 0.891328 -0.043739
v -2.587638 0.911810 -0.082244
v -2.597687 0.911286 -0.081357
v -2.607349 0.909736 -0.078730
v -2.616254 0.907218 -0.074464
v -2.624060 0.903829 -0.068723
v -2.630466 0.899700 -0.061727
v -2.635225 0.894989 -0.053746
v -2.638156 0.889878 -0.045086
v -2.587638 0.903331 -0.087375
v -2.597687 0.902970 -0.086389
v -2.607349 0.901902 -0.083470
v -2.616254 0.900167 -0.078730
v -2.624060 0.897833 -0.072351
v -2.630466 0.894989 -0.064578
v -2.635225 0.891744 -0.055710
v -2.638156 0.888223 -0.046087
v -2.587638 0.894130 -0.090534
v -2.597687 0.893946 -0.089488
v -2.607349 0.893402 -0.086389
v -2.616254 0.892517 -0.081357
v -2.624060 0.891328 -0.074585
v -2.630466 0.889877 -0.066333
v -2.635225 0.888223 -0.056919
v -2.638156 0.886428 -0.046703
v -2.607349 0.884562 -0.087375
v -2.624060 0.884562 -0.075339
v -2.630466 0.884562 -0.066926
v -2.635225 0.884562 -0.057327
v -2.638156 0.884562 -0.046911
v -2.809099 0.661942 -0.038237
v -2.809150 0.661942 -0.033917
v -2.645286 0.869320 -0.038368
v -2.645286 0.869411 -0.033774
v -2.717573 0.661942 -0.033875
v -2.717464 0.661942 -0.038291
v -2.646608 0.804731 -0.033846
v -2.646608 0.804644 -0.038340
v -2.781542 0.746897 -0.038335
v -2.781620 0.746940 -0.033800
v -2.770196 0.779034 -0.038366
v -2.770277 0.779091 -0.033773
v -2.754003 0.804258 -0.038372
v -2.754071 0.804324 -0.033770
v -2.738785 0.818525 -0.038385
v -2.738851 0.818578 -0.033761
v -2.722184 0.831708 -0.038387
v -2.722252 0.831752 -0.033760
v -2.705916 0.842339 -0.033765
v -2.705842 0.842290 -0.038380
v -2.722376 0.721922 -0.033833
v -2.722282 0.721884 -0.038340
v -2.718412 0.746269 -0.033812
v -2.718330 0.746225 -0.038359
v -2.709251 0.766686 -0.033795
v -2.709182 0.766638 -0.038373
v -2.694075 0.785541 -0.033786
v -2.694009 0.785497 -0.038381
v -2.675531 0.799135 -0.033792
v -2.675463 0.799086 -0.038378
v -2.655418 0.804705 -0.033809
v -2.655346 0.804643 -0.038366
v -2.720815 0.670594 -0.038305
v -2.720922 0.670593 -0.033867
v -2.722987 0.678351 -0.033859
v -2.722883 0.678351 -0.038316
v -2.723769 0.686456 -0.038325
v -2.723871 0.686456 -0.033852
v -2.804311 0.670081 -0.038219
v -2.804360 0.670081 -0.033932
v -2.800408 0.678069 -0.038204
v -2.800454 0.678069 -0.033944
v -2.797551 0.686280 -0.033951
v -2.797507 0.686280 -0.038196
v -2.763635 0.661942 -0.038270
v -2.763635 0.661942 -0.033890
v -2.717573 0.661942 -0.033875
v -2.717464 0.661942 -0.038291
v -2.720815 0.670594 -0.038305
v -2.720922 0.670593 -0.033867
v -2.800408 0.678069 -0.038204
v -2.800454 0.678069 -0.033944
v -2.797551 0.686280 -0.033951
v -2.797507 0.686280 -0.038196
v -2.804311 0.670081 -0.038219
v -2.804360 0.670081 -0.033932
v -2.722987 0.678351 -0.033859
v -2.722883 0.678351 -0.038316
v -2.723769 0.686456 -0.038325
v -2.723871 0.686456 -0.033852
v -2.655418 0.804705 -0.033809
v -2.655346 0.804643 -0.038366
v -2.646608 0.804644 -0.038340
v -2.646608 0.804731 -0.033846
v -2.675531 0.799135 -0.033792
v -2.675463 0.799086 -0.038378
v -2.694075 0.785541 -0.033786
v -2.694009 0.785497 -0.038381
v -2.709251 0.766686 -0.033795
v -2.709182 0.766638 -0.038373
v -2.718412 0.746269 -0.033812
v -2.718330 0.746225 -0.038359
v -2.722376 0.721922 -0.033833
v -2.722282 0.721884 -0.038340
v -2.722184 0.831708 -0.038387
v -2.722252 0.831752 -0.033760
v -2.705916 0.842339 -0.033765
v -2.705842 0.842290 -0.038380
v -2.738785 0.818525 -0.038385
v -2.738851 0.818578 -0.033761
v -2.754003 0.804258 -0.038372
v -2.754071 0.804324 -0.033770
v -2.770196 0.779034 -0.038366
v -2.770277 0.779091 -0.033773
v -2.781542 0.746897 -0.038335
v -2.781620 0.746940 -0.033800
v -2.645286 0.869411 -0.033774
v -2.645286 0.869320 -0.038368
v -2.809099 0.661942 -0.038237
v -2.809150 0.661942 -0.033917
v -2.763635 0.661942 -0.038270
v -2.763635 0.661942 -0.033890
v -2.787779 0.682209 -0.057917
v -2.728948 0.682387 -0.060425
v -2.730496 0.682382 -0.010503
v -2.788708 0.682206 -0.014982
v -2.761458 0.682288 -0.005299
v -2.761458 0.682288 -0.066861
v -2.799002 0.682175 -0.033948
v -2.798957 0.682175 -0.038200
v -2.723326 0.682404 -0.038321
v -2.723429 0.682403 -0.033855
v -2.799002 0.682175 -0.033948
v -2.798957 0.682175 -0.038200
v -2.723326 0.682404 -0.038321
v -2.723429 0.682403 -0.033855
vn -0.9914 -0.1307 -0.0000
vn -0.9659 -0.2590 -0.0000
vn -0.8822 -0.4708 -0.0000
vn -0.7123 -0.7018 -0.0000
vn -0.5177 -0.8556 -0.0000
vn -0.3170 -0.9484 -0.0000
vn -0.1351 -0.9908 -0.0000
vn 0.0054 -1.0000 -0.0000
vn 0.1307 -0.9914 -0.0000
vn 0.2540 -0.9672 -0.0000
vn 0.3873 -0.9219 -0.0000
vn 0.5520 -0.8338 -0.0000
vn 0.7218 -0.6921 -0.0000
vn 0.8699 -0.4932 -0.0000
vn 0.9603 -0.2791 -0.0000
vn 0.9760 -0.2178 -0.0000
vn 0.9371 -0.3489 -0.0000
vn 0.8750 -0.4841 -0.0000
vn 0.8486 -0.5290 0.0011
vn 0.8449 -0.5349 0.0022
vn -0.9984 0.0569 -0.0000
vn -0.9978 0.0669 -0.0000
vn -1.0000 -0.0002 -0.0000
vn -0.0000 -0.0000 1.0000
vn -0.0000 -0.0000 -1.0000
vn -0.2542 0.9671 -0.0000
vn -0.3982 0.9173 -0.0000
vn -0.5825 0.8128 -0.0000
vn -0.7688 0.6395 -0.0000
vn -0.9037 0.4281 -0.0000
vn -0.9761 0.2175 -0.0000
vn -0.9996 0.0296 -0.0000
vn -0.9577 -0.2876 -0.0000
vn -0.8423 -0.5389 0.0130
vn -0.7245 -0.6888 0.0255
vn 0.7859 -0.6184 0.0013
vn 0.8802 -0.4746 0.0006
vn 0.9761 -0.2175 -0.0000
vn 0.9996 -0.0296 -0.0000
vn 0.9914 0.1307 -0.0000
vn 0.9577 0.2876 -0.0000
vn 0.8863 0.4631 -0.0000
vn 0.7619 0.6477 -0.0000
vn 0.5767 0.8169 -0.0000
vn 0.3519 0.9360 -0.0000
vn 0.1468 0.9892 -0.0000
vn -0.0052 1.0000 -0.0000
vn -0.1307 0.9914 -0.0000
vn -0.6615 0.7499 -0.0000
vn -0.9966 0.0829 -0.0000
vn -0.0949 0.0646 0.9934
vn -0.0960 0.0687 0.9930
vn -0.0951 0.0653 0.9933
vn -0.0897 0.0388 -0.9952
vn -0.0853 0.0428 -0.9954
vn -0.0855 0.0436 -0.9954
vn -0.0877 0.0392 -0.9954
vn -0.4548 -0.8906 -0.0000
vn -0.4203 -0.9074 -0.0000
vn -0.1155 0.0183 -0.9931
vn -0.1130 0.0240 -0.9933
vn -0.1129 0.0242 -0.9933
vn -0.0877 0.0392 0.9954
vn -0.0855 0.0436 0.9954
vn -0.0853 0.0428 0.9954
vn -0.0897 0.0388 0.9952
vn 0.2522 0.9677 -0.0000
vn 0.2049 0.9788 -0.0000
vn 0.2732 0.9620 -0.0000
vn 0.3073 0.9516 -0.0000
vn -0.0951 0.0653 -0.9933
vn -0.0960 0.0687 -0.9930
vn -0.0949 0.0646 -0.9934
vn -0.7042 -0.7100 -0.0000
vn -0.7051 -0.7091 -0.0000
vn -0.3465 -0.9381 -0.0000
vn -0.3977 -0.9175 -0.0000
vn 0.5780 0.8160 -0.0000
vn 0.4936 0.8697 -0.0000
vn 0.3935 0.9193 -0.0000
vn -0.0920 0.0573 0.9941
vn -0.0920 0.0572 0.9941
vn -0.0881 0.0497 0.9949
vn -0.0883 0.0501 0.9948
vn -0.5397 -0.8418 -0.0000
vn -0.6323 -0.7748 -0.0000
vn -0.0920 0.0572 -0.9941
vn -0.0920 0.0573 -0.9941
vn -0.0883 0.0501 -0.9948
vn -0.0881 0.0497 -0.9949
vn -0.1155 0.0183 0.9931
vn -0.1129 0.0242 0.9933
vn -0.1130 0.0240 0.9933
vn 0.3588 0.9334 -0.0000
vn 0.4790 0.8778 -0.0000
vn 0.5766 0.8170 -0.0000
vn -0.0986 0.0363 0.9945
vn -0.0972 0.0368 0.9946
vn -0.1067 0.0321 0.9938
vn -0.1061 0.0325 0.9938
vn -0.6197 -0.7848 -0.0000
vn -0.5067 -0.8621 -0.0000
vn -0.0972 0.0368 -0.9946
vn -0.0986 0.0363 -0.9945
vn -0.1061 0.0325 -0.9938
vn -0.1067 0.0321 -0.9938
vn 0.9326 -0.3610 -0.0000
vn 0.9940 -0.1098 -0.0000
vn -0.9735 -0.2287 -0.0000
vn -0.9776 -0.2105 -0.0000
vn 0.0180 -0.0797 0.9967
vn 0.0163 -0.0790 0.9967
vn 0.0187 -0.0800 0.9966
vn 0.0773 -0.0720 0.9944
vn 0.0565 -0.0793 0.9952
vn 0.0600 -0.0781 0.9951
vn 0.0187 -0.0799 -0.9966
vn 0.0163 -0.0790 -0.9967
vn 0.0180 -0.0797 -0.9967
vn -0.8525 -0.5227 -0.0000
vn -0.8789 -0.4770 -0.0000
vn 0.0773 -0.0720 -0.9944
vn 0.0600 -0.0781 -0.9951
vn 0.0565 -0.0793 -0.9952
vn 0.9872 -0.1594 -0.0000
vn 0.9896 -0.1436 -0.0000
vn 0.9965 0.0835 -0.0000
vn 1.0000 -0.0058 -0.0000
vn 0.9961 -0.0885 -0.0000
vn 0.0241 -0.0820 -0.9963
vn 0.0254 -0.0824 -0.9963
vn 0.0349 -0.0839 -0.9959
vn 0.0365 -0.0839 -0.9958
vn -0.9554 -0.2952 -0.0000
vn -0.9215 -0.3885 -0.0000
vn 0.0254 -0.0824 0.9963
vn 0.0241 -0.0820 0.9963
vn 0.0365 -0.0839 0.9958
vn 0.0349 -0.0839 0.9959
vn 0.9120 0.2969 0.2830
vn 0.8964 0.3438 0.2797
vn 0.9126 0.2951 0.2831
vn -0.0000 -1.0000 -0.0000
vn 0.0017 0.0350 -0.9994
vn 0.0051 -0.0165 -0.9999
vn -0.0929 0.1759 -0.9800
vn -0.0503 0.1638 -0.9852
vn -0.0134 0.0686 0.9976
vn -0.0675 0.2006 0.9773
vn -0.1112 0.2100 0.9713
vn -0.0114 0.0199 0.9997
vn -0.0476 0.0966 -0.9942
vn -0.2916 0.1206 -0.9489
vn -0.2161 0.0591 -0.9746
vn -0.0170 0.0300 -0.9994
vn -0.0937 0.3102 0.9460
vn 0.1464 0.2913 0.9454
vn 0.1508 0.2547 0.9552
vn -0.0882 0.2745 0.9575
vn -0.0704 0.1001 0.9925
vn 0.1742 0.0737 0.9820
vn 0.1751 0.0113 0.9845
vn -0.0435 0.0365 0.9984
vn 0.9217 -0.2970 0.2495
vn 0.9244 -0.2880 0.2502
vn 0.8248 -0.5159 0.2316
vn 0.8219 -0.5206 0.2312
vn -0.0752 0.3093 -0.9480
vn -0.3001 0.3112 -0.9017
vn -0.3037 0.2852 -0.9091
vn -0.0681 0.2732 -0.9595
vn -0.8663 0.4088 -0.2871
vn -0.8649 0.4119 -0.2867
vn -0.7490 0.6092 -0.2607
vn -0.7493 0.6088 -0.2607
vn -0.8999 0.2524 -0.3556
vn -0.8658 0.2419 -0.4381
vn -0.8618 0.2476 -0.4426
vn -0.9001 0.2536 -0.3543
vn -0.6443 0.7270 -0.2373
vn -0.6423 0.7291 -0.2365
vn -0.5707 0.7907 -0.2215
vn -0.5664 0.7939 -0.2211
vn -0.2389 0.9643 -0.1144
vn -0.4537 0.8628 -0.2228
vn 0.9682 -0.1049 -0.2272
vn 0.9679 -0.1081 -0.2267
vn 0.9316 -0.2960 -0.2111
vn 0.9339 -0.2880 -0.2116
vn 0.9573 -0.1097 0.2674
vn 0.9587 0.0281 0.2830
vn 0.9589 0.0245 0.2827
vn 0.9576 -0.1058 0.2680
vn 0.6726 -0.7071 0.2182
vn 0.6760 -0.7038 0.2184
vn 0.4306 -0.8771 0.2127
vn 0.4493 -0.8676 0.2130
vn 0.1720 -0.9609 0.2171
vn 0.1924 -0.9574 0.2155
vn 0.9233 0.2993 -0.2407
vn 0.9226 0.3016 -0.2405
vn 0.9532 0.1765 -0.2454
vn 0.9537 0.1740 -0.2454
vn 0.1513 -0.0798 0.9853
vn -0.0443 -0.0102 0.9990
vn 0.1251 -0.1455 0.9814
vn -0.0514 -0.0200 0.9985
vn 0.1200 -0.1725 0.9777
vn -0.0375 -0.0016 0.9993
vn 0.0937 -0.1948 0.9764
vn -0.0278 0.0209 0.9994
vn 0.0734 -0.1607 0.9843
vn -0.1816 0.0473 -0.9822
vn -0.0155 -0.0225 -0.9996
vn -0.1766 0.0722 -0.9816
vn -0.0238 -0.0403 -0.9989
vn -0.1587 0.1184 -0.9802
vn -0.0118 -0.0293 -0.9995
vn -0.1291 0.1655 -0.9777
vn -0.0068 -0.0120 -0.9999
vn -0.9110 0.2557 0.3236
vn -0.9109 0.2548 0.3246
vn -0.8755 0.4146 0.2482
vn -0.8745 0.4170 0.2478
vn -0.0650 0.1245 -0.9901
vn 0.1931 0.0922 -0.9768
vn 0.1876 0.1526 -0.9703
vn -0.0665 0.1809 -0.9813
vn 0.1779 0.2523 -0.9512
vn 0.9422 0.1705 0.2885
vn 0.9418 0.1727 0.2885
vn -0.7917 0.4199 0.4436
vn -0.7943 0.4145 0.4442
vn -0.8263 0.3337 0.4537
vn -0.8236 0.3416 0.4528
vn -0.0862 0.1265 0.9882
vn -0.3313 0.1502 0.9315
vn -0.3252 0.2073 0.9226
vn -0.0874 0.1827 0.9793
vn -0.3158 0.2861 0.9047
vn -0.7876 0.4100 -0.4600
vn -0.7850 0.4155 -0.4595
vn -0.8162 0.3378 -0.4687
vn -0.8189 0.3298 -0.4697
vn 0.0802 -0.9715 0.2229
vn -0.8422 0.2863 0.4569
vn -0.8423 0.2863 0.4566
vn -0.8751 0.2441 0.4179
vn -0.8711 0.2498 0.4229
vn -0.8347 0.2827 -0.4726
vn -0.8346 0.2826 -0.4729
vn 0.9644 0.0988 -0.2454
vn 0.9702 0.0300 -0.2405
vn 0.9703 0.0265 -0.2403
vn 0.9527 0.0958 0.2885
vn 0.9527 0.0958 0.2884
vn 0.0648 -0.9800 -0.1879
vn 0.1638 -0.9693 -0.1832
vn 0.1822 -0.9662 -0.1821
vn 0.4317 -0.8839 -0.1799
vn 0.4479 -0.8758 -0.1802
vn 0.6776 -0.7118 -0.1847
vn 0.6804 -0.7092 -0.1848
vn 0.8326 -0.5180 -0.1959
vn 0.8299 -0.5224 -0.1956
vn -0.5747 0.7964 0.1884
vn -0.5712 0.7989 0.1881
vn -0.4620 0.8678 0.1830
vn -0.2421 0.9656 0.0943
vn -0.6472 0.7351 0.2018
vn -0.6454 0.7368 0.2013
vn -0.7547 0.6173 0.2221
vn -0.7548 0.6172 0.2221
vn -0.1975 0.9762 0.0894
vn -0.3991 0.8989 0.1805
vn -0.3901 0.8925 -0.2265
vn -0.1963 0.9739 -0.1140
vn 0.9067 0.3486 -0.2377
vn -0.7728 0.4409 -0.4565
vn 0.1597 0.1549 0.9749
vn 0.1647 0.0948 0.9818
vn -0.3127 0.2057 -0.9273
vn -0.3184 0.1482 -0.9363
vn 0.1116 -0.2292 -0.9670
vn 0.0871 -0.1947 -0.9770
vn 0.1461 -0.1992 -0.9690
vn 0.1548 -0.1635 -0.9743
vn 0.1820 -0.0896 -0.9792
vn 0.2047 0.0056 -0.9788
vn -0.1506 0.1965 0.9689
vn -0.1823 0.1456 0.9724
vn -0.2015 0.0938 0.9750
vn -0.2077 0.0613 0.9763
vn -0.2387 0.0664 0.9688
vn 0.1732 0.2888 -0.9416
vn -0.3068 0.1236 0.9437
vn -0.3120 0.3117 0.8975
vn 0.2028 0.0699 -0.9767
vn 0.0719 -0.1409 0.9874
vn 0.0853 -0.1739 -0.9811
vn -0.7792 0.4457 0.4407
vn 0.9509 -0.0000 0.3094
vn -0.0001 0.0908 -0.9959
vn -0.0004 0.2579 -0.9662
vn -0.0002 0.1376 -0.9905
vn -0.0002 0.1376 0.9905
vn -0.0004 0.2579 0.9662
vn -0.0001 0.0908 0.9959
vn 0.1092 -0.9022 0.4173
vn 0.0273 0.9996 -0.0000
vn 0.0268 0.9825 0.1845
vn 0.0085 -0.0698 0.9975
vn 0.0098 -0.0800 0.9967
vn -0.9994 0.0347 -0.0000
vn -0.9971 0.0756 -0.0000
vn -0.9850 0.0747 -0.1553
vn -0.9952 0.0423 -0.0879
vn 0.0091 -0.0873 -0.9961
vn 0.0079 -0.0761 -0.9971
vn -0.7667 0.6078 0.2071
vn -0.7836 0.6212 -0.0000
vn -0.7667 0.6078 -0.2071
vn -0.9953 0.0420 0.0872
vn -0.9850 0.0747 0.1553
vn 0.9509 -0.0000 -0.3094
vn 0.0268 0.9825 -0.1845
vn 0.1116 -0.9072 -0.4057
vn -1.0000 -0.0000 -0.0000
vn 0.0163 -0.1571 -0.9874
vn 0.0177 -0.1441 0.9894
vn 0.0382 -0.0000 -0.9993
vn 0.0380 -0.2204 -0.9747
vn 0.0380 -0.2202 -0.9747
vn 0.0374 -0.4258 -0.9040
vn 0.0374 -0.4254 -0.9042
vn 0.0366 -0.6046 -0.7957
vn 0.0366 -0.6042 -0.7960
vn 0.0357 -0.7505 -0.6599
vn 0.0357 -0.7501 -0.6603
vn 0.0348 -0.8617 -0.5062
vn 0.0348 -0.8615 -0.5066
vn 0.0342 -0.9391 -0.3419
vn 0.0342 -0.9390 -0.3423
vn 0.0337 -0.9845 -0.1721
vn 0.0337 -0.9845 -0.1723
vn 0.0336 -0.9994 -0.0000
vn 0.0337 -0.9845 0.1721
vn 0.0337 -0.9845 0.1723
vn 0.0342 -0.9391 0.3419
vn 0.0342 -0.9390 0.3423
vn 0.0348 -0.8617 0.5062
vn 0.0348 -0.8615 0.5066
vn 0.0357 -0.7505 0.6599
vn 0.0357 -0.7501 0.6603
vn 0.0366 -0.6046 0.7957
vn 0.0366 -0.6042 0.7960
vn 0.0374 -0.4258 0.9040
vn 0.0374 -0.4254 0.9042
vn 0.0380 -0.2204 0.9747
vn 0.0380 -0.2202 0.9747
vn 0.0382 -0.0000 0.9993
vn 0.0380 0.2204 0.9747
vn 0.0380 0.2202 0.9747
vn 0.0374 0.4258 0.9040
vn 0.0374 0.4254 0.9042
vn 0.0366 0.6046 0.7957
vn 0.0366 0.6042 0.7960
vn 0.0357 0.7505 0.6599
vn 0.0357 0.7501 0.6603
vn 0.0348 0.8617 0.5062
vn 0.0348 0.8615 0.5066
vn 0.0342 0.9391 0.3419
vn 0.0342 0.9390 0.3423
vn 0.0337 0.9845 0.1721
vn 0.0337 0.9845 0.1723
vn 0.0336 0.9994 -0.0000
vn 0.0337 0.9845 -0.1721
vn 0.0337 0.9845 -0.1723
vn 0.0342 0.9391 -0.3419
vn 0.0342 0.9390 -0.3423
vn 0.0348 0.8617 -0.5062
vn 0.0348 0.8615 -0.5066
vn 0.0357 0.7505 -0.6599
vn 0.0357 0.7501 -0.6603
vn 0.0366 0.6046 -0.7957
vn 0.0366 0.6042 -0.7960
vn 0.0374 0.4258 -0.9040
vn 0.0374 0.4254 -0.9042
vn 1.0000 -0.0000 -0.0000
vn 0.0380 0.2204 -0.9747
vn 0.0380 0.2202 -0.9747
vn -0.0026 -0.0000 1.0000
vn -0.0025 -0.2127 0.9771
vn -0.0025 -0.2126 0.9771
vn -0.0024 -0.3115 0.9502
vn -0.0022 -0.4135 0.9105
vn -0.0021 -0.4186 0.9082
vn -0.0018 -0.5221 0.8529
vn -0.0018 -0.6048 0.7964
vn -0.0018 -0.6830 0.7304
vn -0.0018 1.0000 0.0048
vn -0.0020 0.9956 0.0935
vn -0.0024 0.9702 0.2424
vn -0.0022 0.9846 0.1749
vn -0.0024 0.9404 0.3402
vn -0.0024 0.9403 0.3402
vn -0.0024 0.8621 0.5067
vn -0.0024 0.7508 0.6605
vn -0.0025 0.6048 0.7964
vn -0.0026 0.4259 0.9048
vn -0.0026 0.2205 0.9754
vn -0.0017 0.9963 -0.0861
vn -0.0026 -0.2205 0.9754
vn -0.0026 -0.4259 0.9048
vn -0.0025 -0.6048 0.7964
vn -0.0024 -0.7508 0.6605
vn -0.0023 -0.8593 0.5114
vn -0.0021 -0.9007 0.4345
vn -0.0021 -0.9017 0.4324
vn -0.0019 -0.9377 0.3474
vn -0.0017 -0.9668 0.2555
vn -0.0017 -0.9850 0.1723
vn -0.0017 -0.9963 0.0861
vn -0.0017 0.9053 0.4247
vn -0.0021 0.8064 0.5913
vn -0.0019 0.8593 0.5114
vn -0.0026 0.6970 0.7171
vn -0.0024 0.7495 0.6620
vn -0.0026 0.6077 0.7942
vn -0.0022 -0.0084 1.0000
vn -0.0022 0.0033 1.0000
vn -0.0025 -0.1282 0.9917
vn -0.0025 -0.2286 0.9735
vn -0.0024 -0.8621 0.5067
vn -0.0023 -0.9396 0.3423
vn -0.0022 -0.9840 0.1782
vn -0.0021 -0.9952 0.0980
vn -0.0020 -0.9990 0.0449
vn -0.0019 -1.0000 0.0060
vn -0.0017 -0.9961 -0.0881
vn -0.0017 -0.9850 -0.1723
vn -0.0017 -0.9663 -0.2572
vn -0.0019 0.2205 0.9754
vn -0.0019 0.1143 0.9934
vn -0.0019 0.1115 0.9938
vn -0.0019 0.3267 0.9451
vn 0.0022 0.0508 -0.9987
vn 0.0022 0.0129 -0.9999
vn 0.0025 -0.2159 -0.9764
vn 0.0026 -0.4259 -0.9048
vn 0.0025 -0.6048 -0.7964
vn 0.0024 -0.7508 -0.6605
vn 0.0024 -0.8621 -0.5067
vn 0.0023 -0.9396 -0.3423
vn 0.0023 -0.9862 -0.1655
vn 0.0019 -1.0000 0.0070
vn 0.0018 -0.9989 0.0475
vn 0.0022 -0.9974 -0.0722
vn 0.0017 -0.9961 0.0880
vn 0.0017 -0.9850 0.1723
vn 0.0020 0.1281 -0.9918
vn 0.0020 0.1306 -0.9914
vn 0.0020 0.2399 -0.9708
vn 0.0019 0.3486 -0.9373
vn 0.0017 -0.9663 0.2572
vn 0.0026 -0.0000 -1.0000
vn 0.0026 -0.2205 -0.9754
vn 0.0023 -0.8653 -0.5012
vn 0.0019 -0.9489 -0.3157
vn 0.0020 -0.9359 -0.3522
vn 0.0022 -0.9107 -0.4131
vn 0.0023 0.7547 -0.6561
vn 0.0023 0.7547 -0.6560
vn 0.0025 0.6048 -0.7964
vn 0.0026 0.4259 -0.9048
vn 0.0026 0.2205 -0.9754
vn 0.0022 0.8198 -0.5726
vn 0.0017 0.9161 -0.4011
vn 0.0020 0.8715 -0.4903
vn 0.0017 -0.9766 -0.2148
vn 0.0022 0.8183 -0.5748
vn 0.0025 -0.2252 -0.9743
vn 0.0023 -0.4354 -0.9002
vn 0.0023 -0.3467 -0.9380
vn 0.0020 -0.6094 -0.7928
vn 0.0022 -0.5318 -0.8469
vn 0.0022 0.9859 -0.1672
vn 0.0023 0.9396 -0.3423
vn 0.0024 0.8621 -0.5067
vn 0.0024 0.7508 -0.6605
vn 0.0021 0.9973 -0.0738
vn 0.0017 0.9948 0.1020
vn 0.0019 0.9999 0.0131
vn 0.0021 0.9971 -0.0758
vn 0.0018 -0.6830 -0.7304
vn -0.0000 -0.6194 0.7851
vn -0.0000 0.6194 0.7851
vn -0.0000 1.0000 -0.0000
vn -0.0000 0.6194 -0.7851
vn -0.0000 -0.6194 -0.7851
vn -0.9500 0.3124 -0.0000
vn -0.9203 0.3913 -0.0000
vn -0.3838 0.9234 -0.0000
vn -0.4623 0.8867 -0.0000
vn -0.8168 0.5769 -0.0000
vn -0.6422 0.7666 -0.0000
vn -0.0000 -0.1573 -0.9876
vn -0.0000 -0.4723 -0.8814
vn -0.0000 -0.7692 -0.6390
vn -0.0000 -0.9709 -0.2394
vn -0.0000 -0.9709 0.2394
vn -0.0000 -0.7692 0.6390
vn -0.0000 -0.4723 0.8814
vn -0.0000 -0.1573 0.9876
vn -0.0000 0.2208 0.9753
vn -0.0000 0.4307 0.9025
vn -0.0000 0.4351 -0.9004
vn -0.0000 0.2232 -0.9748
vn 0.9500 -0.3124 -0.0000
vn 0.9203 -0.3913 -0.0000
vn 0.2000 -0.9798 -0.0000
vn 0.4623 -0.8867 -0.0000
vn 0.0088 -1.0000 -0.0000
vn 0.8168 -0.5769 -0.0000
vn 0.6422 -0.7666 -0.0000
vn -0.9822 -0.0000 -0.1879
vn -0.9311 -0.0000 -0.3648
vn -0.9304 -0.0807 -0.3574
vn -0.9820 -0.0418 -0.1842
vn -0.2078 -0.0000 -0.9782
vn -0.1056 -0.0000 -0.9944
vn -0.1050 -0.2176 -0.9704
vn -0.2068 -0.2141 -0.9547
vn -0.4045 -0.0000 -0.9145
vn -0.4028 -0.2004 -0.8931
vn -0.5805 -0.0000 -0.8142
vn -0.5786 -0.1788 -0.7958
vn -0.7292 -0.0000 -0.6843
vn -0.7275 -0.1506 -0.6694
vn -0.8466 -0.0000 -0.5322
vn -0.8454 -0.1174 -0.5211
vn -0.8419 -0.2291 -0.4885
vn -0.9287 -0.1578 -0.3357
vn -0.9815 -0.0817 -0.1731
vn -0.1035 -0.4208 -0.9012
vn -0.2041 -0.4143 -0.8870
vn -0.3980 -0.3884 -0.8311
vn -0.5731 -0.3472 -0.7423
vn -0.7226 -0.2932 -0.6260
vn -0.2001 -0.5896 -0.7825
vn -0.3912 -0.5540 -0.7349
vn -0.5652 -0.4969 -0.6585
vn -0.7155 -0.4212 -0.5575
vn -0.8369 -0.3303 -0.4365
vn -0.9260 -0.2281 -0.3008
vn -0.9808 -0.1182 -0.1552
vn -0.1013 -0.5986 -0.7946
vn -0.8310 -0.4170 -0.3682
vn -0.9229 -0.2888 -0.2545
vn -0.9799 -0.1498 -0.1314
vn -0.0989 -0.7445 -0.6602
vn -0.1957 -0.7338 -0.6506
vn -0.3836 -0.6912 -0.6125
vn -0.5563 -0.6221 -0.5509
vn -0.7073 -0.5295 -0.4683
vn -0.3763 -0.7972 -0.4720
vn -0.5478 -0.7201 -0.4260
vn -0.6994 -0.6153 -0.3636
vn -0.8253 -0.4864 -0.2870
vn -0.9199 -0.3379 -0.1990
vn -0.9791 -0.1754 -0.1029
vn -0.0967 -0.8563 -0.5073
vn -0.1915 -0.8445 -0.5002
vn -0.9174 -0.3739 -0.1365
vn -0.9784 -0.1943 -0.0706
vn -0.0949 -0.9345 -0.3432
vn -0.1882 -0.9219 -0.3385
vn -0.3705 -0.8720 -0.3200
vn -0.5408 -0.7897 -0.2896
vn -0.6929 -0.6770 -0.2480
vn -0.8205 -0.5369 -0.1964
vn -0.3667 -0.9162 -0.1615
vn -0.5363 -0.8312 -0.1464
vn -0.6887 -0.7141 -0.1256
vn -0.8173 -0.5675 -0.0997
vn -0.9157 -0.3959 -0.0694
vn -0.9779 -0.2058 -0.0359
vn -0.0938 -0.9805 -0.1729
vn -0.1861 -0.9676 -0.1706
vn -0.9151 -0.4033 -0.0000
vn -0.9778 -0.2097 -0.0000
vn -0.0934 -0.9956 -0.0000
vn -0.1853 -0.9827 -0.0000
vn -0.3654 -0.9308 -0.0000
vn -0.5348 -0.8450 -0.0000
vn -0.6872 -0.7264 -0.0000
vn -0.8162 -0.5777 -0.0000
vn -0.5363 -0.8312 0.1464
vn -0.6887 -0.7141 0.1256
vn -0.8173 -0.5675 0.0997
vn -0.9157 -0.3959 0.0694
vn -0.9779 -0.2058 0.0359
vn -0.0938 -0.9805 0.1729
vn -0.1861 -0.9676 0.1706
vn -0.3667 -0.9162 0.1615
vn -0.9784 -0.1943 0.0706
vn -0.0949 -0.9345 0.3432
vn -0.1882 -0.9219 0.3385
vn -0.3705 -0.8720 0.3200
vn -0.5408 -0.7897 0.2896
vn -0.6929 -0.6770 0.2480
vn -0.8205 -0.5369 0.1964
vn -0.9174 -0.3739 0.1365
vn -0.6994 -0.6153 0.3636
vn -0.8253 -0.4864 0.2870
vn -0.9199 -0.3379 0.1990
vn -0.9791 -0.1754 0.1029
vn -0.0967 -0.8563 0.5073
vn -0.1915 -0.8445 0.5002
vn -0.3763 -0.7972 0.4720
vn -0.5478 -0.7201 0.4260
vn -0.0989 -0.7445 0.6602
vn -0.1957 -0.7338 0.6506
vn -0.3836 -0.6912 0.6125
vn -0.5563 -0.6221 0.5509
vn -0.7073 -0.5295 0.4683
vn -0.8310 -0.4170 0.3682
vn -0.9229 -0.2888 0.2545
vn -0.9799 -0.1498 0.1314
vn -0.7155 -0.4212 0.5575
vn -0.8369 -0.3303 0.4365
vn -0.9260 -0.2281 0.3008
vn -0.9808 -0.1182 0.1552
vn -0.1013 -0.5986 0.7946
vn -0.2001 -0.5896 0.7825
vn -0.3912 -0.5540 0.7349
vn -0.5652 -0.4969 0.6585
vn -0.2041 -0.4143 0.8870
vn -0.3980 -0.3884 0.8311
vn -0.5731 -0.3472 0.7423
vn -0.7226 -0.2932 0.6260
vn -0.8419 -0.2291 0.4885
vn -0.9287 -0.1578 0.3357
vn -0.9815 -0.0817 0.1731
vn -0.1035 -0.4208 0.9012
vn -0.8454 -0.1174 0.5211
vn -0.9304 -0.0807 0.3574
vn -0.9820 -0.0418 0.1842
vn -0.1050 -0.2176 0.9704
vn -0.2068 -0.2141 0.9547
vn -0.4028 -0.2004 0.8931
vn -0.5786 -0.1788 0.7958
vn -0.7275 -0.1506 0.6694
vn -0.2078 -0.0000 0.9782
vn -0.4045 -0.0000 0.9145
vn -0.5805 -0.0000 0.8142
vn -0.7292 -0.0000 0.6843
vn -0.8466 -0.0000 0.5322
vn -0.9311 -0.0000 0.3648
vn -0.9822 -0.0000 0.1879
vn -0.1056 -0.0000 0.9944
vn -0.8454 0.1174 0.5211
vn -0.9304 0.0807 0.3574
vn -0.9820 0.0418 0.1842
vn -0.1050 0.2176 0.9704
vn -0.2068 0.2141 0.9547
vn -0.4028 0.2004 0.8931
vn -0.5786 0.1788 0.7958
vn -0.7275 0.1506 0.6694
vn -0.3980 0.3884 0.8311
vn -0.5731 0.3472 0.7423
vn -0.7226 0.2932 0.6260
vn -0.8419 0.2291 0.4885
vn -0.9287 0.1578 0.3357
vn -0.9815 0.0817 0.1731
vn -0.1035 0.4208 0.9012
vn -0.2041 0.4143 0.8870
vn -0.7155 0.4212 0.5575
vn -0.8369 0.3303 0.4365
vn -0.9260 0.2281 0.3008
vn -0.9808 0.1182 0.1552
vn -0.1013 0.5986 0.7946
vn -0.2001 0.5896 0.7825
vn -0.3912 0.5540 0.7349
vn -0.5652 0.4969 0.6585
vn -0.0989 0.7445 0.6602
vn -0.1957 0.7338 0.6506
vn -0.3836 0.6912 0.6125
vn -0.5563 0.6221 0.5509
vn -0.7073 0.5295 0.4683
vn -0.8310 0.4170 0.3682
vn -0.9229 0.2888 0.2545
vn -0.9799 0.1498 0.1314
vn -0.6994 0.6153 0.3636
vn -0.8253 0.4864 0.2870
vn -0.9199 0.3379 0.1990
vn -0.9791 0.1754 0.1029
vn -0.0967 0.8563 0.5073
vn -0.1915 0.8445 0.5002
vn -0.3763 0.7972 0.4720
vn -0.5478 0.7201 0.4260
vn -0.1882 0.9220 0.3385
vn -0.3705 0.8720 0.3200
vn -0.5408 0.7897 0.2896
vn -0.6929 0.6770 0.2480
vn -0.8205 0.5369 0.1964
vn -0.9174 0.3739 0.1365
vn -0.9784 0.1943 0.0706
vn -0.0949 0.9345 0.3432
vn -0.8173 0.5675 0.0997
vn -0.9157 0.3959 0.0694
vn -0.9779 0.2058 0.0359
vn -0.0938 0.9805 0.1729
vn -0.1860 0.9676 0.1706
vn -0.3667 0.9162 0.1615
vn -0.5363 0.8312 0.1464
vn -0.6887 0.7141 0.1256
vn -0.1853 0.9827 -0.0000
vn -0.3654 0.9308 -0.0000
vn -0.5348 0.8450 -0.0000
vn -0.6872 0.7264 -0.0000
vn -0.8162 0.5777 -0.0000
vn -0.9151 0.4033 -0.0000
vn -0.9778 0.2097 -0.0000
vn -0.0934 0.9956 -0.0000
vn -0.8173 0.5675 -0.0997
vn -0.9157 0.3959 -0.0694
vn -0.9779 0.2058 -0.0359
vn -0.0938 0.9805 -0.1729
vn -0.1860 0.9676 -0.1706
vn -0.3667 0.9162 -0.1615
vn -0.5363 0.8312 -0.1464
vn -0.6887 0.7141 -0.1256
vn -0.3705 0.8720 -0.3200
vn -0.5408 0.7897 -0.2896
vn -0.6929 0.6770 -0.2480
vn -0.8205 0.5369 -0.1964
vn -0.9174 0.3739 -0.1365
vn -0.9784 0.1943 -0.0706
vn -0.0949 0.9345 -0.3432
vn -0.1882 0.9219 -0.3385
vn -0.9199 0.3379 -0.1990
vn -0.9791 0.1754 -0.1029
vn -0.0967 0.8563 -0.5073
vn -0.1915 0.8445 -0.5002
vn -0.3763 0.7972 -0.4720
vn -0.5478 0.7201 -0.4260
vn -0.6994 0.6153 -0.3636
vn -0.8253 0.4864 -0.2870
vn -0.5563 0.6221 -0.5509
vn -0.7073 0.5295 -0.4683
vn -0.8310 0.4170 -0.3682
vn -0.9229 0.2888 -0.2545
vn -0.9799 0.1498 -0.1314
vn -0.0989 0.7445 -0.6602
vn -0.1957 0.7338 -0.6506
vn -0.3836 0.6912 -0.6125
vn -0.9808 0.1182 -0.1552
vn -0.1013 0.5986 -0.7946
vn -0.2001 0.5896 -0.7825
vn -0.3912 0.5540 -0.7349
vn -0.5652 0.4969 -0.6585
vn -0.7155 0.4212 -0.5575
vn -0.8369 0.3303 -0.4365
vn -0.9260 0.2281 -0.3008
vn -0.5731 0.3472 -0.7423
vn -0.7226 0.2932 -0.6260
vn -0.8419 0.2291 -0.4885
vn -0.9287 0.1578 -0.3357
vn -0.9815 0.0817 -0.1731
vn -0.1035 0.4208 -0.9012
vn -0.2041 0.4143 -0.8870
vn -0.3980 0.3884 -0.8311
vn -0.9820 0.0418 -0.1842
vn -0.1050 0.2176 -0.9704
vn -0.2068 0.2141 -0.9547
vn -0.4028 0.2004 -0.8931
vn -0.5786 0.1788 -0.7958
vn -0.7275 0.1506 -0.6694
vn -0.8454 0.1174 -0.5211
vn -0.9304 0.0807 -0.3574
vn -0.2456 0.9693 -0.0088
vn -0.2458 0.9693 -0.0088
vn 0.9323 0.3610 0.0227
vn 0.9505 0.3098 0.0228
vn 0.9507 0.3094 0.0228
vn -0.9428 0.3332 -0.0099
vn -0.9557 0.2941 -0.0122
vn -0.9558 0.2939 -0.0123
vn -0.8807 0.4736 -0.0100
vn -0.9220 0.3870 -0.0100
vn -0.9221 0.3867 -0.0100
vn -0.8808 0.4734 -0.0100
vn 0.9938 0.1085 0.0230
vn 0.9992 0.0333 0.0225
vn 0.9827 0.1836 0.0231
vn 0.9828 0.1832 0.0231
vn 0.1342 -0.9908 0.0163
vn 0.0015 -0.9999 0.0165
vn 0.1366 -0.9905 0.0163
vn 0.4351 -0.9002 0.0166
vn 0.4369 -0.8994 0.0166
vn 0.6906 -0.7230 0.0175
vn 0.6911 -0.7226 0.0175
vn 0.8526 -0.5222 0.0187
vn 0.8525 -0.5223 0.0187
vn 0.9577 -0.2869 0.0201
vn 0.9575 -0.2876 0.0201
vn 0.9946 -0.1012 0.0213
vn 0.9946 -0.1017 0.0213
vn -0.5835 0.8119 -0.0170
vn -0.5832 0.8122 -0.0170
vn -0.6533 0.7569 -0.0183
vn -0.6531 0.7570 -0.0183
vn -0.7682 0.6399 -0.0203
vn -0.7684 0.6397 -0.0203
vn -0.8979 0.4397 -0.0206
vn -0.8981 0.4392 -0.0206
vn -0.9557 0.2939 -0.0174
vn -0.9557 0.2937 -0.0174
vn -0.2079 0.9781 -0.0088
vn -0.2089 0.9779 -0.0088
vn -0.8618 0.5071 -0.0100
vt 0.057637 0.525816
vt 0.074288 0.527066
vt 0.073635 0.535533
vt 0.057112 0.534609
vt 0.073140 0.543563
vt 0.056842 0.543229
vt 0.073196 0.551717
vt 0.057004 0.552147
vt 0.074042 0.560632
vt 0.057508 0.561648
vt 0.075187 0.570714
vt 0.058293 0.571965
vt 0.076431 0.583153
vt 0.059201 0.584119
vt 0.076915 0.597395
vt 0.059530 0.597501
vt 0.076685 0.611961
vt 0.059395 0.611145
vt 0.075655 0.626481
vt 0.058508 0.624664
vt 0.073786 0.640629
vt 0.056865 0.637713
vt 0.071116 0.653100
vt 0.054437 0.649388
vt 0.068647 0.663424
vt 0.052139 0.659344
vt 0.066405 0.672823
vt 0.049777 0.668562
vt 0.064496 0.682022
vt 0.047252 0.677080
vt 0.062531 0.691800
vt 0.044503 0.685644
vt 0.058792 0.702340
vt 0.041061 0.694103
vt 0.052504 0.712573
vt 0.036424 0.702438
vt 0.045478 0.721328
vt 0.030835 0.710226
vt 0.034899 0.732751
vt 0.020910 0.721700
vt 0.060774 0.499760
vt 0.075930 0.503058
vt 0.075773 0.510372
vt 0.059304 0.508423
vt 0.075041 0.518559
vt 0.058343 0.516972
vt 0.115756 0.539851
vt 0.116241 0.530546
vt 0.135981 0.531696
vt 0.135479 0.540849
vt 0.093230 0.528690
vt 0.092301 0.537682
vt 0.115078 0.549068
vt 0.134798 0.549594
vt 0.091384 0.546663
vt 0.114186 0.558207
vt 0.132671 0.558105
vt 0.090501 0.555647
vt 0.113062 0.567454
vt 0.129475 0.566768
vt 0.089744 0.564903
vt 0.111684 0.577288
vt 0.125943 0.576051
vt 0.089185 0.574974
vt 0.110131 0.588477
vt 0.122281 0.587255
vt 0.088778 0.586611
vt 0.108808 0.600936
vt 0.119835 0.600259
vt 0.088346 0.599590
vt 0.108220 0.613386
vt 0.118729 0.613773
vt 0.087703 0.612433
vt 0.107851 0.625865
vt 0.118872 0.627351
vt 0.087244 0.625324
vt 0.108263 0.638573
vt 0.120460 0.640607
vt 0.086550 0.638358
vt 0.109120 0.650110
vt 0.123494 0.652075
vt 0.085954 0.650208
vt 0.110020 0.660279
vt 0.126632 0.661456
vt 0.085661 0.660731
vt 0.110832 0.669875
vt 0.129632 0.670052
vt 0.085661 0.670697
vt 0.111588 0.679443
vt 0.131803 0.678377
vt 0.085886 0.680692
vt 0.112357 0.689249
vt 0.133865 0.686775
vt 0.086380 0.690980
vt 0.113214 0.699310
vt 0.138171 0.694824
vt 0.087240 0.701449
vt 0.114118 0.709327
vt 0.145727 0.701540
vt 0.088491 0.711725
vt 0.114672 0.718801
vt 0.154298 0.706907
vt 0.090325 0.721295
vt 0.098708 0.740251
vt 0.117367 0.503563
vt 0.115603 0.491134
vt 0.136137 0.502160
vt 0.138270 0.505738
vt 0.098545 0.489475
vt 0.095236 0.502221
vt 0.077451 0.499794
vt 0.117369 0.512288
vt 0.136755 0.513878
vt 0.094406 0.510943
vt 0.116931 0.521336
vt 0.136482 0.522586
vt 0.093791 0.519680
vt 0.113083 0.736717
vt 0.061752 0.495701
vt 0.046090 0.963165
vt 0.035984 0.942069
vt 0.046681 0.936944
vt 0.056787 0.958040
vt 0.108694 0.851781
vt 0.122183 0.844529
vt 0.148430 0.874816
vt 0.129404 0.882888
vt 0.091735 0.925379
vt 0.106744 0.922558
vt 0.114243 0.952795
vt 0.103057 0.952614
vt 0.145107 0.981534
vt 0.145183 0.950444
vt 0.160081 0.947848
vt 0.160520 0.983366
vt 0.064418 0.932053
vt 0.071280 0.955440
vt 0.075607 0.879043
vt 0.083312 0.871079
vt 0.097839 0.898654
vt 0.084912 0.906254
vt 0.059707 0.918593
vt 0.042654 0.925960
vt 0.160520 0.907984
vt 0.141018 0.913880
vt 0.101617 0.975305
vt 0.112877 0.977032
vt 0.057230 0.969558
vt 0.071457 0.970956
vt 0.107376 0.893440
vt 0.117452 0.920254
vt 0.118996 0.887616
vt 0.130041 0.916977
vt 0.100058 0.857134
vt 0.090809 0.864222
vt 0.134926 0.980207
vt 0.135432 0.951788
vt 0.123155 0.978591
vt 0.124232 0.952554
vt 0.037508 0.903074
vt 0.050648 0.896510
vt 0.067967 0.914974
vt 0.073185 0.929695
vt 0.077036 0.910517
vt 0.082940 0.927278
vt 0.068155 0.885443
vt 0.058992 0.891783
vt 0.091828 0.973744
vt 0.092822 0.952929
vt 0.080867 0.972133
vt 0.081150 0.954009
vt 0.095164 0.786487
vt 0.087011 0.784377
vt 0.087439 0.780231
vt 0.096173 0.781978
vt 0.042268 0.820504
vt 0.051382 0.832462
vt 0.042156 0.841287
vt 0.031289 0.827295
vt 0.071912 0.854704
vt 0.067575 0.864908
vt 0.098769 0.798272
vt 0.091753 0.813495
vt 0.082801 0.803884
vt 0.097859 0.789780
vt 0.014617 0.796267
vt 0.025802 0.794587
vt 0.078303 0.797988
vt 0.071408 0.786711
vt 0.013270 0.778521
vt 0.024548 0.778550
vt 0.070957 0.778757
vt 0.057206 0.789220
vt 0.056281 0.778521
vt 0.041623 0.791981
vt 0.040494 0.778537
vt 0.055372 0.812468
vt 0.067134 0.805094
vt 0.062709 0.821964
vt 0.072970 0.812741
vt 0.078417 0.840399
vt 0.085346 0.826419
vt 0.918719 0.937740
vt 0.926990 0.943417
vt 0.906832 0.966721
vt 0.900158 0.959620
vt 0.958103 0.698558
vt 0.939611 0.728912
vt 0.916693 0.701919
vt 0.953447 0.670667
vt 0.888052 0.520533
vt 0.901331 0.487658
vt 0.925208 0.483326
vt 0.907173 0.537603
vt 0.806807 0.521032
vt 0.786251 0.538815
vt 0.767919 0.483387
vt 0.793217 0.487837
vt 0.896610 0.323063
vt 0.921121 0.313268
vt 0.932882 0.369836
vt 0.907315 0.370339
vt 0.902958 0.750131
vt 0.879358 0.733647
vt 0.943479 0.906386
vt 0.934629 0.903461
vt 0.798022 0.323101
vt 0.825399 0.334804
vt 0.814412 0.371573
vt 0.787242 0.370413
vt 0.807946 0.397523
vt 0.829261 0.399994
vt 0.827499 0.421795
vt 0.805384 0.422006
vt 0.929144 0.784026
vt 0.948101 0.813976
vt 0.938827 0.816629
vt 0.921196 0.788907
vt 0.937305 0.400418
vt 0.957131 0.399676
vt 0.957449 0.428445
vt 0.937129 0.426850
vt 0.941844 0.306762
vt 0.952563 0.366944
vt 0.955178 0.448374
vt 0.933693 0.446065
vt 0.951587 0.468469
vt 0.929866 0.465614
vt 0.947265 0.486791
vt 0.859235 0.376185
vt 0.878630 0.371588
vt 0.885132 0.397445
vt 0.865166 0.399938
vt 0.847195 0.343338
vt 0.835205 0.376261
vt 0.829181 0.445119
vt 0.806369 0.447614
vt 0.834586 0.466508
vt 0.811191 0.471918
vt 0.842894 0.485139
vt 0.819747 0.492296
vt 0.874499 0.742080
vt 0.896314 0.757694
vt 0.890328 0.764249
vt 0.869986 0.749169
vt 0.781866 0.398634
vt 0.780780 0.424300
vt 0.783063 0.446578
vt 0.787110 0.468486
vt 0.912668 0.398561
vt 0.913724 0.424196
vt 0.911404 0.446402
vt 0.907403 0.468327
vt 0.741888 0.367014
vt 0.760333 0.369868
vt 0.755872 0.400569
vt 0.737330 0.399772
vt 0.909827 0.795337
vt 0.887214 0.767453
vt 0.913668 0.793207
vt 0.894117 0.953765
vt 0.911319 0.932867
vt 0.948126 0.846126
vt 0.945710 0.871162
vt 0.936517 0.870859
vt 0.938613 0.847237
vt 0.922092 0.899838
vt 0.931967 0.870641
vt 0.926320 0.901016
vt 0.947578 0.841560
vt 0.938076 0.842684
vt 0.929996 0.819121
vt 0.913684 0.698376
vt 0.876413 0.730000
vt 0.864418 0.701673
vt 0.890766 0.671382
vt 0.826499 0.504350
vt 0.847195 0.492761
vt 0.934036 0.847736
vt 0.927418 0.870423
vt 0.929458 0.848235
vt 0.925634 0.820414
vt 0.933496 0.843274
vt 0.928916 0.843864
vt 0.921271 0.821707
vt 0.867465 0.752724
vt 0.884099 0.770658
vt 0.864944 0.756279
vt 0.907520 0.930522
vt 0.890824 0.950907
vt 0.887531 0.948049
vt 0.903721 0.928177
vt 0.847306 0.492561
vt 0.851547 0.484967
vt 0.873119 0.492295
vt 0.866798 0.503372
vt 0.859889 0.466345
vt 0.881816 0.471866
vt 0.865328 0.445002
vt 0.886729 0.447512
vt 0.866961 0.421719
vt 0.887732 0.421828
vt 0.847306 0.343254
vt 0.867714 0.335357
vt 0.742891 0.468622
vt 0.763309 0.465662
vt 0.747236 0.486979
vt 0.739270 0.448496
vt 0.759471 0.446176
vt 0.737018 0.428541
vt 0.756022 0.427098
vt 0.752703 0.306762
vt 0.772471 0.312904
vt 0.766039 0.547236
vt 0.928524 0.546892
vt 0.957544 0.840432
vt 0.955368 0.871500
vt 0.958103 0.844916
vt 0.354993 0.352886
vt 0.338406 0.339703
vt 0.360547 0.313033
vt 0.379054 0.316010
vt 0.117437 0.247415
vt 0.153953 0.234733
vt 0.317425 0.367295
vt 0.305671 0.379445
vt 0.369729 0.298840
vt 0.194495 0.183719
vt 0.198603 0.145283
vt 0.299254 0.008167
vt 0.476144 0.194887
vt 0.445281 0.212326
vt 0.275058 0.033753
vt 0.173977 0.209030
vt 0.416771 0.401981
vt 0.442508 0.363068
vt 0.414506 0.245150
vt 0.241301 0.074156
vt 0.077100 0.132041
vt 0.140352 0.182308
vt 0.120590 0.215479
vt 0.056738 0.165936
vt 0.057790 0.305072
vt 0.263480 0.435189
vt 0.168203 0.155566
vt 0.105522 0.104551
vt 0.384675 0.435840
vt 0.324504 0.384651
vt 0.026053 0.347081
vt 0.238453 0.472582
vt 0.228434 0.506586
vt 0.006592 0.376429
vt 0.429624 0.459949
vt 0.464406 0.439837
vt 0.059739 0.077959
vt 0.027528 0.092645
vt 0.020495 0.127341
vt 0.476144 0.401412
vt 0.362628 0.882051
vt 0.468279 0.885212
vt 0.468100 0.891936
vt 0.362435 0.889318
vt 0.467964 0.898735
vt 0.362288 0.896667
vt 0.467869 0.905670
vt 0.362185 0.904163
vt 0.467812 0.912778
vt 0.362124 0.911846
vt 0.467794 0.920069
vt 0.362104 0.919726
vt 0.467813 0.927525
vt 0.362124 0.927785
vt 0.467868 0.935104
vt 0.362184 0.935976
vt 0.467958 0.942748
vt 0.362282 0.944239
vt 0.380632 0.696476
vt 0.484936 0.713519
vt 0.483720 0.721067
vt 0.379318 0.704634
vt 0.482549 0.728555
vt 0.378052 0.712728
vt 0.481432 0.735926
vt 0.376845 0.720695
vt 0.480376 0.743140
vt 0.375703 0.728493
vt 0.479385 0.750179
vt 0.374632 0.736101
vt 0.478458 0.757053
vt 0.373630 0.743530
vt 0.477591 0.763798
vt 0.372693 0.750820
vt 0.476777 0.770475
vt 0.371813 0.758037
vt 0.476008 0.777156
vt 0.370982 0.765259
vt 0.475274 0.783917
vt 0.370189 0.772566
vt 0.474569 0.790817
vt 0.369427 0.780024
vt 0.473888 0.797893
vt 0.368691 0.787672
vt 0.473229 0.805154
vt 0.367978 0.795520
vt 0.472592 0.812582
vt 0.367290 0.803549
vt 0.471981 0.820137
vt 0.366629 0.811714
vt 0.471399 0.827760
vt 0.366000 0.819954
vt 0.470851 0.835385
vt 0.365409 0.828196
vt 0.470343 0.842947
vt 0.364859 0.836369
vt 0.469879 0.850389
vt 0.364357 0.844412
vt 0.469461 0.857668
vt 0.363906 0.852279
vt 0.469092 0.864766
vt 0.363507 0.859952
vt 0.468773 0.871695
vt 0.363162 0.867441
vt 0.491654 0.901940
vt 0.498233 0.900539
vt 0.504958 0.900631
vt 0.511572 0.902213
vt 0.517820 0.905224
vt 0.523463 0.909547
vt 0.528282 0.915018
vt 0.532094 0.921426
vt 0.534752 0.928524
vt 0.536153 0.936039
vt 0.536243 0.943684
vt 0.535020 0.951164
vt 0.532530 0.958191
vt 0.528869 0.964496
vt 0.524177 0.969837
vt 0.518636 0.974007
vt 0.512457 0.976848
vt 0.505878 0.978249
vt 0.499153 0.978157
vt 0.492539 0.976575
vt 0.486291 0.973564
vt 0.480648 0.969240
vt 0.475829 0.963770
vt 0.472017 0.957362
vt 0.469359 0.950264
vt 0.469091 0.927624
vt 0.471581 0.920596
vt 0.475242 0.914291
vt 0.479934 0.908951
vt 0.485476 0.904781
vt 0.468503 0.878490
vt 0.362870 0.874785
vt 0.328488 0.899405
vt 0.335632 0.900751
vt 0.342381 0.903662
vt 0.348476 0.908026
vt 0.353682 0.913677
vt 0.357800 0.920396
vt 0.360670 0.927925
vt 0.360960 0.952396
vt 0.358271 0.960134
vt 0.354316 0.967155
vt 0.349248 0.973190
vt 0.343262 0.978007
vt 0.336588 0.981420
vt 0.329482 0.983298
vt 0.322217 0.983570
vt 0.315073 0.982225
vt 0.308323 0.979314
vt 0.302228 0.974949
vt 0.297022 0.969299
vt 0.292904 0.962580
vt 0.290034 0.955050
vt 0.288521 0.946999
vt 0.288423 0.938736
vt 0.289744 0.930579
vt 0.292434 0.922841
vt 0.296388 0.915820
vt 0.301456 0.909785
vt 0.307442 0.904969
vt 0.314117 0.901556
vt 0.321223 0.899677
vt 0.717949 0.109247
vt 0.536619 0.102801
vt 0.536735 0.099515
vt 0.718067 0.105902
vt 0.536811 0.097354
vt 0.560120 0.097004
vt 0.718185 0.102520
vt 0.645911 0.096568
vt 0.718305 0.099070
vt 0.718390 0.096568
vt 0.716887 0.137865
vt 0.616465 0.134013
vt 0.535711 0.127375
vt 0.717033 0.134063
vt 0.535859 0.123475
vt 0.717176 0.130294
vt 0.535996 0.119833
vt 0.717315 0.126586
vt 0.536129 0.116271
vt 0.717450 0.122960
vt 0.536258 0.112798
vt 0.717581 0.119424
vt 0.536381 0.109410
vt 0.717707 0.115975
vt 0.521151 0.107188
vt 0.524387 0.107769
vt 0.527415 0.109052
vt 0.530117 0.110989
vt 0.532389 0.113506
vt 0.534145 0.116505
vt 0.535317 0.119871
vt 0.531747 0.120604
vt 0.521052 0.108761
vt 0.518990 0.107283
vt 0.536502 0.106088
vt 0.717829 0.112593
vt 0.736223 0.120706
vt 0.739477 0.121490
vt 0.742514 0.122985
vt 0.745215 0.125134
vt 0.746817 0.127057
vt 0.740018 0.128493
vt 0.726342 0.134639
vt 0.716744 0.141597
vt 0.717684 0.134144
vt 0.719100 0.130648
vt 0.721081 0.127511
vt 0.723552 0.124853
vt 0.726416 0.122777
vt 0.729565 0.121362
vt 0.732876 0.120663
vt 0.549845 0.163370
vt 0.731175 0.169814
vt 0.731059 0.173100
vt 0.549727 0.166715
vt 0.730943 0.176423
vt 0.549609 0.170098
vt 0.730826 0.179811
vt 0.549490 0.173547
vt 0.730707 0.183285
vt 0.549369 0.177083
vt 0.730587 0.186847
vt 0.549246 0.180709
vt 0.806941 0.611032
vt 0.801727 0.765090
vt 0.800789 0.765058
vt 0.800327 0.714371
vt 0.803790 0.610927
vt 0.549122 0.184418
vt 0.670886 0.188495
vt 0.568634 0.188838
vt 0.548997 0.188188
vt 0.548976 0.188838
vt 0.550730 0.142328
vt 0.652899 0.149848
vt 0.550479 0.146032
vt 0.731675 0.156075
vt 0.550343 0.149658
vt 0.731537 0.159817
vt 0.550213 0.153193
vt 0.731413 0.163205
vt 0.550087 0.156642
vt 0.737788 0.171092
vt 0.735337 0.168900
vt 0.733434 0.166218
vt 0.732150 0.163152
vt 0.734048 0.159419
vt 0.745581 0.169737
vt 0.752000 0.173318
vt 0.750942 0.173634
vt 0.747397 0.174008
vt 0.743936 0.173696
vt 0.740691 0.172712
vt 0.731292 0.166528
vt 0.549965 0.160024
vt 0.540796 0.159516
vt 0.537588 0.160471
vt 0.534211 0.160701
vt 0.530796 0.160199
vt 0.527474 0.158983
vt 0.524373 0.157099
vt 0.521611 0.154622
vt 0.519295 0.151644
vt 0.518990 0.151070
vt 0.529819 0.150330
vt 0.543756 0.146183
vt 0.550618 0.142324
vt 0.549676 0.149570
vt 0.548240 0.152803
vt 0.546227 0.155607
vt 0.543713 0.157874
vt 0.948581 0.093983
vt 0.786613 0.087502
vt 0.767319 0.085775
vt 0.767412 0.083443
vt 0.948714 0.090638
vt 0.767543 0.080121
vt 0.948847 0.087256
vt 0.767675 0.076733
vt 0.948981 0.083807
vt 0.767809 0.073261
vt 0.949118 0.080272
vt 0.767945 0.069699
vt 0.949257 0.076646
vt 0.768083 0.066057
vt 0.949397 0.072938
vt 0.768223 0.062354
vt 0.949539 0.069169
vt 0.768294 0.060454
vt 0.801081 0.059837
vt 0.949681 0.065367
vt 0.886967 0.059249
vt 0.949822 0.061564
vt 0.949907 0.059249
vt 0.759522 0.074387
vt 0.752726 0.067722
vt 0.754574 0.068170
vt 0.757970 0.069653
vt 0.760998 0.071681
vt 0.763543 0.074177
vt 0.765506 0.077044
vt 0.766813 0.080173
vt 0.948446 0.097327
vt 0.864217 0.093930
vt 0.836467 0.091436
vt 0.949312 0.094094
vt 0.950873 0.091133
vt 0.953070 0.088558
vt 0.955817 0.086468
vt 0.959010 0.084944
vt 0.962525 0.084044
vt 0.966227 0.083802
vt 0.969975 0.084228
vt 0.973624 0.085306
vt 0.977034 0.086994
vt 0.978901 0.088366
vt 0.964874 0.091959
vt 0.951006 0.098580
vt 0.948312 0.100629
vt 0.769313 0.113667
vt 0.950680 0.108364
vt 0.950782 0.111651
vt 0.769425 0.117299
vt 0.950886 0.114974
vt 0.769532 0.120682
vt 0.950994 0.118363
vt 0.769641 0.124132
vt 0.951106 0.121836
vt 0.769755 0.127668
vt 0.951222 0.125399
vt 0.769873 0.131294
vt 0.951342 0.129042
vt 0.769995 0.135002
vt 0.951465 0.132745
vt 0.770121 0.138773
vt 0.951590 0.136480
vt 0.780319 0.142237
vt 0.770231 0.142063
vt 0.953041 0.111131
vt 0.951470 0.108243
vt 0.950579 0.105078
vt 0.950467 0.101356
vt 0.953476 0.103585
vt 0.967428 0.110028
vt 0.980879 0.113291
vt 0.978789 0.114868
vt 0.975461 0.116569
vt 0.971890 0.117673
vt 0.968214 0.118139
vt 0.964574 0.117948
vt 0.961110 0.117108
vt 0.957955 0.115651
vt 0.955231 0.113633
vt 0.768726 0.120610
vt 0.767312 0.123759
vt 0.765236 0.126624
vt 0.762579 0.129094
vt 0.759442 0.131076
vt 0.755946 0.132493
vt 0.752727 0.133183
vt 0.760218 0.126218
vt 0.874699 0.142833
vt 0.951716 0.140216
vt 0.799946 0.111643
vt 0.843835 0.108336
vt 0.951805 0.142833
vt 0.539824 0.062971
vt 0.721181 0.057351
vt 0.721284 0.060638
vt 0.539928 0.066317
vt 0.721389 0.063961
vt 0.540035 0.069699
vt 0.721497 0.067350
vt 0.540145 0.073149
vt 0.721610 0.070823
vt 0.540260 0.076685
vt 0.721726 0.074386
vt 0.540379 0.080312
vt 0.721847 0.078029
vt 0.572576 0.082961
vt 0.540460 0.082760
vt 0.539410 0.049256
vt 0.720775 0.043879
vt 0.720878 0.047352
vt 0.539515 0.052792
vt 0.720979 0.050741
vt 0.539618 0.056242
vt 0.733575 0.054280
vt 0.730408 0.053396
vt 0.727515 0.051833
vt 0.725008 0.049649
vt 0.722984 0.046929
vt 0.721519 0.043778
vt 0.720670 0.040316
vt 0.720548 0.036059
vt 0.727369 0.039746
vt 0.741375 0.043653
vt 0.751957 0.044193
vt 0.749169 0.048265
vt 0.746498 0.050745
vt 0.743484 0.052647
vt 0.740241 0.053898
vt 0.736896 0.054449
vt 0.721080 0.054064
vt 0.539721 0.059625
vt 0.533296 0.061104
vt 0.530427 0.062830
vt 0.527215 0.063896
vt 0.523783 0.064262
vt 0.520263 0.063914
vt 0.516789 0.062865
vt 0.514615 0.061737
vt 0.522416 0.059147
vt 0.535676 0.051169
vt 0.539362 0.047629
vt 0.538827 0.052745
vt 0.537578 0.055963
vt 0.535710 0.058785
vt 0.591348 0.044104
vt 0.722011 0.082961
vt 0.963093 0.151003
vt 0.781736 0.156609
vt 0.781633 0.153323
vt 0.962989 0.147657
vt 0.781529 0.150000
vt 0.962873 0.143961
vt 0.781420 0.146611
vt 0.877169 0.143559
vt 0.963827 0.175824
vt 0.782456 0.180992
vt 0.782350 0.177288
vt 0.963719 0.172054
vt 0.782245 0.173645
vt 0.963612 0.168345
vt 0.782141 0.170082
vt 0.963506 0.164718
vt 0.782038 0.166608
vt 0.963402 0.161182
vt 0.781937 0.163219
vt 0.963299 0.157732
vt 0.760284 0.168763
vt 0.763477 0.167976
vt 0.766765 0.167915
vt 0.770021 0.168585
vt 0.773121 0.169958
vt 0.775946 0.171982
vt 0.778387 0.174580
vt 0.780349 0.177651
vt 0.781759 0.181078
vt 0.782561 0.184728
vt 0.782676 0.188838
vt 0.773485 0.182251
vt 0.759776 0.176179
vt 0.752727 0.174730
vt 0.754667 0.172373
vt 0.757310 0.170248
vt 0.781837 0.159896
vt 0.963196 0.154349
vt 0.978655 0.158377
vt 0.982002 0.158368
vt 0.985597 0.159235
vt 0.981891 0.161013
vt 0.969300 0.170816
vt 0.963866 0.177210
vt 0.964374 0.172092
vt 0.965556 0.168575
vt 0.967327 0.165408
vt 0.969617 0.162712
vt 0.972341 0.160591
vt 0.975392 0.159128
vt 0.903947 0.181315
vt 0.781322 0.143559
vt 0.649905 0.298156
vt 0.663310 0.298156
vt 0.663310 0.763472
vt 0.649905 0.763472
vt 0.541300 0.298156
vt 0.556604 0.298156
vt 0.556604 0.763472
vt 0.541300 0.763472
vt 0.573596 0.298156
vt 0.573596 0.763472
vt 0.588900 0.298156
vt 0.588900 0.763472
vt 0.602305 0.298156
vt 0.602305 0.763472
vt 0.617609 0.298156
vt 0.617609 0.763472
vt 0.634601 0.298156
vt 0.634601 0.763472
vt 0.640426 0.286140
vt 0.640426 0.269148
vt 0.649905 0.257133
vt 0.663310 0.257133
vt 0.672789 0.269148
vt 0.672789 0.286140
vt 0.552351 0.861744
vt 0.552461 0.848242
vt 0.573537 0.848413
vt 0.573427 0.861914
vt 0.510788 0.861407
vt 0.552190 0.881718
vt 0.510626 0.881381
vt 0.551853 0.923282
vt 0.573265 0.881889
vt 0.572929 0.923453
vt 0.573886 0.805265
vt 0.573829 0.812236
vt 0.552754 0.812065
vt 0.552810 0.805094
vt 0.614829 0.882225
vt 0.614991 0.862251
vt 0.496834 0.826673
vt 0.511068 0.826788
vt 0.496553 0.861292
vt 0.629064 0.882340
vt 0.629225 0.862366
vt 0.615271 0.827632
vt 0.629505 0.827747
vt 0.551738 0.937516
vt 0.572813 0.937687
vt 0.496391 0.881266
vt 0.574001 0.791030
vt 0.552925 0.790860
vt 0.552555 0.836571
vt 0.573631 0.836741
vt 0.552660 0.823612
vt 0.573736 0.823782
vt 0.586287 0.857801
vt 0.596649 0.852429
vt 0.606260 0.843735
vt 0.612543 0.834048
vt 0.513692 0.833247
vt 0.519817 0.843035
vt 0.529286 0.851883
vt 0.539560 0.857422
vt 0.709916 0.628617
vt 0.720568 0.628617
vt 0.720568 0.982189
vt 0.709916 0.982189
vt 0.730438 0.628617
vt 0.730438 0.982189
vt 0.739460 0.628617
vt 0.739460 0.982189
vt 0.748106 0.628617
vt 0.748106 0.982189
vt 0.757127 0.628617
vt 0.757127 0.982189
vt 0.766998 0.628617
vt 0.766998 0.982189
vt 0.777650 0.628617
vt 0.777650 0.982189
vt 0.788609 0.628617
vt 0.788609 0.982189
vt 0.799418 0.628617
vt 0.799418 0.982189
vt 0.688148 0.628617
vt 0.698957 0.628617
vt 0.698957 0.982189
vt 0.688148 0.982189
vt 0.200116 0.835843
vt 0.200116 0.824367
vt 0.218029 0.824367
vt 0.218029 0.835843
vt 0.164787 0.835843
vt 0.200116 0.852821
vt 0.164787 0.852821
vt 0.218029 0.787692
vt 0.218029 0.793618
vt 0.200116 0.793618
vt 0.200116 0.787692
vt 0.218029 0.852821
vt 0.253358 0.852821
vt 0.253358 0.835843
vt 0.152688 0.806418
vt 0.164787 0.806418
vt 0.152688 0.835843
vt 0.265456 0.852821
vt 0.265456 0.835843
vt 0.253358 0.806418
vt 0.265456 0.806418
vt 0.152688 0.852821
vt 0.200116 0.733061
vt 0.218029 0.733061
vt 0.200116 0.814447
vt 0.218029 0.814447
vt 0.200116 0.803432
vt 0.218029 0.803432
vt 0.228931 0.832258
vt 0.237701 0.827621
vt 0.245809 0.820166
vt 0.251083 0.811889
vt 0.167062 0.811889
vt 0.172336 0.820166
vt 0.180444 0.827621
vt 0.189214 0.832258
vt 0.218029 0.721924
vt 0.200116 0.721924
vt 0.253839 0.751789
vt 0.264976 0.751789
vt 0.153169 0.751789
vt 0.164306 0.751789
vt 0.722050 0.606549
vt 0.722050 0.595590
vt 0.725447 0.585328
vt 0.726706 0.596207
vt 0.736709 0.608887
vt 0.750856 0.608887
vt 0.760860 0.596207
vt 0.762118 0.585328
vt 0.765515 0.595590
vt 0.765515 0.606549
vt 0.762206 0.616674
vt 0.756093 0.624423
vt 0.731472 0.624423
vt 0.725359 0.616674
vt 0.169118 0.714600
vt 0.359560 0.564160
vt 0.367317 0.555766
vt 0.369901 0.558757
vt 0.360849 0.565651
vt 0.351854 0.572500
vt 0.411878 0.507543
vt 0.423643 0.494811
vt 0.435987 0.507939
vt 0.422008 0.518807
vt 0.401508 0.518765
vt 0.409840 0.528199
vt 0.392141 0.528902
vt 0.398883 0.536616
vt 0.383461 0.538295
vt 0.388744 0.544379
vt 0.375242 0.547190
vt 0.379149 0.551707
vt 0.382051 0.557001
vt 0.371802 0.562268
vt 0.361792 0.567403
vt 0.446164 0.523596
vt 0.430143 0.532000
vt 0.416363 0.539215
vt 0.404050 0.545627
vt 0.392722 0.551497
vt 0.435882 0.546995
vt 0.420801 0.551638
vt 0.407437 0.555735
vt 0.395241 0.559449
vt 0.383836 0.562898
vt 0.372947 0.566173
vt 0.362355 0.569351
vt 0.453544 0.541600
vt 0.384421 0.569196
vt 0.373290 0.570328
vt 0.362515 0.571420
vt 0.457508 0.561535
vt 0.438772 0.563473
vt 0.422841 0.565175
vt 0.408834 0.566662
vt 0.396165 0.567987
vt 0.422191 0.579390
vt 0.408059 0.578038
vt 0.395393 0.576807
vt 0.383756 0.575662
vt 0.372808 0.574577
vt 0.362264 0.573531
vt 0.457508 0.582759
vt 0.438388 0.580919
vt 0.371512 0.578752
vt 0.361612 0.575602
vt 0.453133 0.604433
vt 0.434405 0.598624
vt 0.418641 0.593694
vt 0.405001 0.589393
vt 0.392883 0.585551
vt 0.381837 0.582039
vt 0.412129 0.607367
vt 0.399672 0.600180
vt 0.388680 0.593823
vt 0.378719 0.588055
vt 0.369449 0.582685
vt 0.360585 0.577553
vt 0.444139 0.625571
vt 0.426660 0.615699
vt 0.366698 0.586216
vt 0.359220 0.579307
vt 0.430407 0.645088
vt 0.415221 0.631055
vt 0.402821 0.619597
vt 0.392244 0.609823
vt 0.382938 0.601223
vt 0.374521 0.593445
vt 0.383217 0.617987
vt 0.376013 0.607531
vt 0.369478 0.598055
vt 0.363394 0.589238
vt 0.357579 0.580805
vt 0.412034 0.660315
vt 0.400814 0.643668
vt 0.391363 0.629840
vt 0.355715 0.581984
vt 0.391670 0.670947
vt 0.384402 0.652736
vt 0.378246 0.637409
vt 0.372883 0.624151
vt 0.368098 0.612372
vt 0.363726 0.601638
vt 0.359635 0.591605
vt 0.359579 0.615564
vt 0.357521 0.604054
vt 0.355576 0.593225
vt 0.353702 0.582797
vt 0.370409 0.677017
vt 0.367067 0.658102
vt 0.364266 0.642076
vt 0.361804 0.628094
vt 0.349250 0.678690
vt 0.349706 0.659859
vt 0.350147 0.643844
vt 0.350525 0.629763
vt 0.350847 0.617029
vt 0.351127 0.605227
vt 0.351379 0.594040
vt 0.351618 0.583213
vt 0.342263 0.616781
vt 0.344802 0.605140
vt 0.347209 0.594027
vt 0.349542 0.583217
vt 0.329065 0.676310
vt 0.333051 0.658277
vt 0.336491 0.642877
vt 0.339522 0.629231
vt 0.317651 0.653738
vt 0.323757 0.639432
vt 0.329179 0.626651
vt 0.334137 0.614896
vt 0.338783 0.603825
vt 0.343226 0.593192
vt 0.347556 0.582809
vt 0.310536 0.670372
vt 0.333277 0.601349
vt 0.339576 0.591574
vt 0.345735 0.582007
vt 0.294125 0.661460
vt 0.303857 0.646667
vt 0.312261 0.633798
vt 0.319788 0.622211
vt 0.326728 0.611492
vt 0.291830 0.637457
vt 0.302200 0.626235
vt 0.311567 0.616098
vt 0.320246 0.606705
vt 0.328466 0.597810
vt 0.336391 0.589234
vt 0.344148 0.580840
vt 0.280065 0.650189
vt 0.324558 0.593293
vt 0.333807 0.586243
vt 0.342859 0.579349
vt 0.267721 0.637061
vt 0.281700 0.626192
vt 0.293867 0.616801
vt 0.304824 0.608384
vt 0.314963 0.600621
vt 0.287344 0.605785
vt 0.299658 0.599373
vt 0.310986 0.593503
vt 0.321657 0.587999
vt 0.331906 0.582732
vt 0.341915 0.577596
vt 0.257543 0.621403
vt 0.273564 0.613000
vt 0.308467 0.585551
vt 0.319871 0.582102
vt 0.330760 0.578827
vt 0.341353 0.575649
vt 0.250163 0.603400
vt 0.267826 0.598005
vt 0.282907 0.593362
vt 0.296271 0.589265
vt 0.246199 0.583465
vt 0.264936 0.581527
vt 0.280866 0.579825
vt 0.294874 0.578338
vt 0.307542 0.577013
vt 0.319286 0.575804
vt 0.330418 0.574671
vt 0.341193 0.573580
vt 0.308315 0.568193
vt 0.319952 0.569338
vt 0.330900 0.570423
vt 0.341444 0.571469
vt 0.246199 0.562241
vt 0.265319 0.564080
vt 0.281516 0.565610
vt 0.295649 0.566962
vt 0.269303 0.546376
vt 0.285067 0.551306
vt 0.298706 0.555607
vt 0.310825 0.559449
vt 0.321871 0.562961
vt 0.332195 0.566248
vt 0.342095 0.569398
vt 0.250575 0.540567
vt 0.324989 0.556945
vt 0.334259 0.562315
vt 0.343123 0.567447
vt 0.259569 0.519429
vt 0.277048 0.529301
vt 0.291578 0.537633
vt 0.304036 0.544820
vt 0.315028 0.551177
vt 0.288486 0.513945
vt 0.300887 0.525403
vt 0.311464 0.535177
vt 0.320770 0.543776
vt 0.329187 0.551555
vt 0.337010 0.558783
vt 0.344487 0.565693
vt 0.273301 0.499912
vt 0.334230 0.546945
vt 0.340314 0.555762
vt 0.346129 0.564195
vt 0.291674 0.484685
vt 0.302894 0.501332
vt 0.312345 0.515160
vt 0.320491 0.527013
vt 0.327694 0.537469
vt 0.325462 0.507591
vt 0.330825 0.520849
vt 0.335609 0.532627
vt 0.339982 0.543362
vt 0.344072 0.553395
vt 0.347992 0.563016
vt 0.312038 0.474053
vt 0.319305 0.492264
vt 0.348132 0.551775
vt 0.350006 0.562203
vt 0.333299 0.467983
vt 0.336640 0.486898
vt 0.339442 0.502924
vt 0.341903 0.516906
vt 0.344128 0.529436
vt 0.346187 0.540946
vt 0.353183 0.515237
vt 0.352860 0.527971
vt 0.352581 0.539773
vt 0.352329 0.550960
vt 0.352090 0.561787
vt 0.354458 0.466310
vt 0.354002 0.485141
vt 0.353561 0.501156
vt 0.354165 0.561783
vt 0.374643 0.468690
vt 0.370657 0.486723
vt 0.367217 0.502123
vt 0.364186 0.515769
vt 0.361445 0.528219
vt 0.358905 0.539860
vt 0.356498 0.550973
vt 0.374529 0.518348
vt 0.369571 0.530104
vt 0.364925 0.541175
vt 0.360481 0.551808
vt 0.356151 0.562191
vt 0.393172 0.474628
vt 0.386057 0.491262
vt 0.379951 0.505568
vt 0.357972 0.562993
vt 0.409583 0.483540
vt 0.399850 0.498333
vt 0.391446 0.511202
vt 0.383920 0.522788
vt 0.376980 0.533508
vt 0.370431 0.543651
vt 0.364132 0.553426
vt 0.950522 0.667137
vt 0.925211 0.657978
vt 0.871653 0.739776
vt 0.868694 0.736109
vt 0.861628 0.747807
vt 0.858258 0.750519
vt 0.855276 0.746824
vt 0.858652 0.744118
vt 0.864999 0.745095
vt 0.862028 0.741413
vt 0.775369 0.212043
vt 0.784700 0.211917
vt 0.784779 0.216716
vt 0.775373 0.216910
vt 0.753084 0.212305
vt 0.753089 0.217203
vt 0.728534 0.212462
vt 0.728537 0.217369
vt 0.702687 0.212524
vt 0.702691 0.217414
vt 0.678801 0.212478
vt 0.678795 0.217334
vt 0.652468 0.212293
vt 0.652456 0.217107
vt 0.850401 0.230191
vt 0.871189 0.230309
vt 0.871199 0.235237
vt 0.850411 0.235133
vt 0.827773 0.230106
vt 0.827774 0.235044
vt 0.805506 0.230062
vt 0.805499 0.234978
vt 0.773483 0.230154
vt 0.773492 0.235059
vt 0.737078 0.230460
vt 0.737100 0.235304
vt 0.670111 0.231239
vt 0.670165 0.235772
vt 0.614606 0.211917
vt 0.614552 0.216695
vt 0.940803 0.230866
vt 0.940724 0.235772
vt 0.000000 0.000000
vt 0.905985 0.797467
vt 0.917864 0.898660
s 1
usemtl colt
f 49/1/1 52/2/1 51/3/2 50/4/2
f 50/4/2 51/3/2 54/5/3 53/6/3
f 53/6/3 54/5/3 56/7/4 55/8/4
f 55/8/4 56/7/4 58/9/5 57/10/5
f 57/10/5 58/9/5 60/11/6 59/12/6
f 59/12/6 60/11/6 62/13/7 61/14/7
f 61/14/7 62/13/7 64/15/8 63/16/8
f 63/16/8 64/15/8 66/17/9 65/18/9
f 65/18/9 66/17/9 68/19/10 67/20/10
f 67/20/10 68/19/10 70/21/11 69/22/11
f 69/22/11 70/21/11 72/23/12 71/24/12
f 71/24/12 72/23/12 74/25/13 73/26/13
f 73/26/13 74/25/13 76/27/14 75/28/14
f 75/28/14 76/27/14 78/29/15 77/30/15
f 77/30/15 78/29/15 80/31/16 79/32/16
f 79/32/16 80/31/16 82/33/17 81/34/17
f 81/34/17 82/33/17 84/35/18 83/36/18
f 83/36/18 84/35/18 86/37/19 85/38/19
f 85/38/19 86/37/19 88/39/20 87/40/20
f 89/41/21 90/42/21 92/43/22 91/44/22
f 91/44/22 92/43/22 94/45/23 93/46/23
f 93/46/23 94/45/23 52/2/1 49/1/1
f 3/47/24 1/48/24 49/49/24 50/50/24
f 2/51/25 4/52/25 51/3/25 52/2/25
f 5/53/24 3/47/24 50/50/24 53/54/24
f 4/52/25 6/55/25 54/5/25 51/3/25
f 7/56/24 5/53/24 53/54/24 55/57/24
f 6/55/25 8/58/25 56/7/25 54/5/25
f 9/59/24 7/56/24 55/57/24 57/60/24
f 8/58/25 10/61/25 58/9/25 56/7/25
f 11/62/24 9/59/24 57/60/24 59/63/24
f 10/61/25 12/64/25 60/11/25 58/9/25
f 13/65/24 11/62/24 59/63/24 61/66/24
f 12/64/25 14/67/25 62/13/25 60/11/25
f 15/68/24 13/65/24 61/66/24 63/69/24
f 14/67/25 16/70/25 64/15/25 62/13/25
f 17/71/24 15/68/24 63/69/24 65/72/24
f 16/70/25 18/73/25 66/17/25 64/15/25
f 19/74/24 17/71/24 65/72/24 67/75/24
f 18/73/25 20/76/25 68/19/25 66/17/25
f 21/77/24 19/74/24 67/75/24 69/78/24
f 20/76/25 22/79/25 70/21/25 68/19/25
f 23/80/24 21/77/24 69/78/24 71/81/24
f 22/79/25 24/82/25 72/23/25 70/21/25
f 25/83/24 23/80/24 71/81/24 73/84/24
f 24/82/25 26/85/25 74/25/25 72/23/25
f 27/86/24 25/83/24 73/84/24 75/87/24
f 26/85/25 28/88/25 76/27/25 74/25/25
f 29/89/24 27/86/24 75/87/24 77/90/24
f 28/88/25 30/91/25 78/29/25 76/27/25
f 31/92/24 29/89/24 77/90/24 79/93/24
f 30/91/25 32/94/25 80/31/25 78/29/25
f 33/95/24 31/92/24 79/93/24 81/96/24
f 32/94/25 34/97/25 82/33/25 80/31/25
f 35/98/24 33/95/24 81/96/24 83/99/24
f 34/97/25 36/100/25 84/35/25 82/33/25
f 37/101/24 35/98/24 83/99/24 85/102/24
f 36/100/25 38/103/25 86/37/25 84/35/25
f 38/103/25 40/104/25 88/39/25 86/37/25
f 43/105/24 41/106/24 96/107/24 89/108/24
f 42/109/25 44/110/25 90/42/25 97/111/25
f 45/112/24 43/105/24 89/108/24 91/113/24
f 44/110/25 46/114/25 92/43/25 90/42/25
f 47/115/24 45/112/24 91/113/24 93/116/24
f 46/114/25 48/117/25 94/45/25 92/43/25
f 1/48/24 47/115/24 93/116/24 49/49/24
f 48/117/25 2/51/25 52/2/25 94/45/25
f 19/74/26 21/77/27 22/79/27 20/76/26
f 21/77/27 23/80/28 24/82/28 22/79/27
f 23/80/28 25/83/29 26/85/29 24/82/28
f 25/83/29 27/86/30 28/88/30 26/85/29
f 27/86/30 29/89/31 30/91/31 28/88/30
f 29/89/31 31/92/32 32/94/32 30/91/31
f 31/92/32 33/95/1 34/97/1 32/94/32
f 33/95/1 35/98/33 36/100/33 34/97/1
f 35/98/33 37/101/34 38/103/34 36/100/33
f 37/101/34 39/118/35 40/104/35 38/103/34
f 41/106/36 43/105/37 44/110/37 42/109/36
f 43/105/37 45/112/38 46/114/38 44/110/37
f 45/112/38 47/115/39 48/117/39 46/114/38
f 47/115/39 1/48/40 2/51/40 48/117/39
f 1/48/40 3/47/41 4/52/41 2/51/40
f 3/47/41 5/53/42 6/55/42 4/52/41
f 5/53/42 7/56/43 8/58/43 6/55/42
f 7/56/43 9/59/44 10/61/44 8/58/43
f 9/59/44 11/62/45 12/64/45 10/61/44
f 11/62/45 13/65/46 14/67/46 12/64/45
f 13/65/46 15/68/47 16/70/47 14/67/46
f 15/68/47 17/71/48 18/73/48 16/70/47
f 17/71/48 19/74/26 20/76/26 18/73/48
f 96/119/49 97/111/49 90/42/49 89/41/49
f 103/120/50 104/121/50 105/122/50 106/123/50
f 120/124/51 101/125/52 99/126/52 108/127/53
f 131/128/54 112/129/55 115/130/56 136/131/57
f 120/132/58 116/133/58 102/134/59 101/135/59
f 105/122/60 132/136/61 135/137/62 106/123/60
f 128/138/63 119/139/64 107/140/65 124/141/66
f 123/142/67 132/136/67 105/122/68 104/143/68
f 99/126/69 100/144/69 111/145/70 108/127/70
f 111/145/71 100/144/72 102/134/72 116/133/73
f 128/146/74 136/131/74 115/130/75 119/147/75
f 103/148/76 106/123/76 135/137/77 127/149/77
f 112/129/78 107/140/78 109/150/79 114/151/79
f 114/151/79 109/150/79 110/152/80 113/153/80
f 113/153/80 110/152/80 108/127/70 111/145/70
f 120/124/51 108/127/53 110/152/81 122/154/82
f 122/154/82 110/152/81 109/150/83 121/155/84
f 121/155/84 109/150/83 107/140/65 119/139/64
f 116/133/58 120/132/58 122/156/85 118/157/85
f 118/157/85 122/156/85 121/158/86 117/159/86
f 117/159/86 121/158/86 119/147/75 115/130/75
f 111/145/71 116/133/73 118/157/87 113/153/88
f 113/153/88 118/157/87 117/159/89 114/151/90
f 114/151/90 117/159/89 115/130/56 112/129/55
f 103/160/91 127/161/92 123/142/93 104/143/91
f 132/136/67 123/142/67 125/162/94 134/163/94
f 134/163/94 125/162/94 126/164/95 133/165/95
f 133/165/95 126/164/95 124/141/96 131/128/96
f 128/138/63 124/141/66 126/164/97 130/166/98
f 130/166/98 126/164/97 125/162/99 129/167/100
f 129/167/100 125/162/99 123/142/93 127/161/92
f 136/131/74 128/146/74 130/168/101 138/169/101
f 138/169/101 130/168/101 129/170/102 137/171/102
f 137/171/102 129/170/102 127/149/77 135/137/77
f 131/128/54 136/131/57 138/169/103 133/165/104
f 133/165/104 138/169/103 137/171/105 134/163/106
f 134/163/106 137/171/105 135/137/62 132/136/61
f 107/140/78 112/129/78 131/128/96 124/141/96
f 143/172/107 144/173/108 145/174/108 146/175/107
f 152/176/109 160/177/109 142/178/110 141/179/110
f 155/180/111 140/181/112 142/178/112 160/177/113
f 145/182/114 156/183/115 159/184/116 146/185/114
f 152/176/117 141/179/118 139/186/118 148/187/119
f 143/172/120 146/185/120 159/184/121 151/188/121
f 143/172/122 151/188/123 147/189/124 144/173/122
f 139/186/125 140/190/125 155/191/126 148/187/126
f 156/192/127 147/189/127 149/193/128 158/194/128
f 158/194/128 149/193/128 150/195/129 157/196/129
f 157/196/129 150/195/129 148/187/126 155/191/126
f 152/176/117 148/187/119 150/195/130 154/197/131
f 154/197/131 150/195/130 149/193/132 153/198/133
f 153/198/133 149/193/132 147/189/124 151/188/123
f 160/177/109 152/176/109 154/197/134 162/199/134
f 162/199/134 154/197/134 153/198/135 161/200/135
f 161/200/135 153/198/135 151/188/121 159/184/121
f 155/180/111 160/177/113 162/199/136 157/201/137
f 157/201/137 162/199/136 161/200/138 158/202/139
f 158/202/139 161/200/138 159/184/116 156/183/115
f 147/189/127 156/192/127 145/174/108 144/173/108
f 205/203/140 167/204/141 860/205/141 889/206/142
f 165/207/143 207/208/143 900/209/143 856/210/143
f 208/211/144 222/212/145 183/213/146 166/214/147
f 210/215/148 164/216/149 190/217/150 216/218/151
f 223/219/152 202/220/153 184/221/154 217/222/155
f 207/208/143 169/223/143 861/224/143 900/209/143
f 209/225/156 167/204/157 205/203/158 228/226/159
f 226/227/160 204/228/161 172/229/162 211/230/163
f 176/231/164 878/232/165 880/233/166 175/234/167
f 207/235/168 165/236/169 201/237/170 225/238/171
f 188/239/172 866/240/173 868/241/174 187/242/175
f 184/221/176 202/220/177 899/243/178 864/244/179
f 187/242/175 868/241/174 870/245/180 186/246/181
f 186/246/181 870/245/180 872/247/182 185/248/183
f 185/248/183 872/247/182 875/249/184 183/213/185
f 877/250/186 177/251/187 179/252/188 879/253/189
f 172/229/190 204/228/191 893/254/192 876/255/193
f 175/234/167 880/233/166 882/256/194 174/257/195
f 174/257/195 882/256/194 884/258/196 173/259/197
f 173/259/197 884/258/196 886/260/198 171/261/199
f 888/262/200 196/263/201 197/264/202 891/265/203
f 211/230/163 172/229/162 176/231/204 212/266/205
f 212/266/205 176/231/204 175/234/206 213/267/207
f 213/267/207 175/234/206 174/257/208 214/268/209
f 214/268/209 174/257/208 173/259/210 215/269/211
f 215/269/211 173/259/210 171/261/212 216/218/151
f 217/222/155 184/221/154 188/239/213 218/270/214
f 218/270/214 188/239/213 187/242/215 219/271/216
f 219/271/216 187/242/215 186/246/217 220/272/218
f 220/272/218 186/246/217 185/248/219 221/273/220
f 221/273/220 185/248/219 183/213/146 222/212/145
f 865/274/221 189/275/222 191/276/223 867/277/224
f 953/278/225 949/279/226 197/264/227 224/280/228
f 224/280/228 197/264/227 196/263/229 225/238/171
f 205/203/140 889/206/142 890/281/230 206/282/231
f 895/283/232 199/284/233 200/285/234 897/286/235
f 952/287/236 951/288/237 200/285/238 227/289/239
f 227/289/239 200/285/238 199/284/240 228/226/159
f 201/237/241 894/290/242 896/291/243 203/292/244
f 901/293/143 860/294/143 167/295/143 209/296/143
f 168/297/245 171/261/199 886/260/198 862/298/245
f 954/299/246 951/288/247 198/300/248 898/301/249
f 948/302/250 955/303/251 899/304/178 202/305/177
f 956/306/252 949/279/252 195/307/253 892/308/254
f 950/309/255 957/310/256 893/311/192 204/312/191
f 863/313/257 887/314/258 178/315/259 170/316/257
f 885/317/260 182/318/261 178/315/259 887/314/258
f 883/319/262 181/320/263 182/318/261 885/317/260
f 881/321/264 180/322/265 181/320/263 883/319/262
f 879/253/189 179/252/188 180/322/265 881/321/264
f 877/250/186 892/323/254 195/324/253 177/251/187
f 873/325/266 194/326/267 190/217/268 874/327/269
f 871/328/270 193/329/271 194/326/267 873/325/266
f 869/330/272 192/331/273 193/329/271 871/328/270
f 867/277/224 191/276/223 192/331/273 869/330/272
f 865/274/221 898/332/249 198/333/248 189/275/222
f 184/221/176 864/244/179 866/240/173 188/239/172
f 172/229/190 876/255/193 878/232/165 176/231/164
f 859/334/274 874/327/269 190/217/268 164/216/275
f 166/214/276 183/213/185 875/249/184 858/335/277
f 888/262/200 861/224/278 169/223/278 196/263/201
f 201/237/241 165/236/279 856/336/279 894/290/242
f 206/282/280 227/289/239 228/226/159 205/203/158
f 950/309/281 952/287/236 227/289/239 206/282/280
f 203/292/282 224/280/228 225/238/171 201/237/170
f 948/302/283 953/278/225 224/280/228 203/292/282
f 182/318/284 221/273/220 222/212/145 178/315/285
f 181/320/286 220/272/218 221/273/220 182/318/284
f 180/322/287 219/271/216 220/272/218 181/320/286
f 179/252/288 218/270/214 219/271/216 180/322/287
f 177/251/289 217/222/155 218/270/214 179/252/288
f 194/326/290 215/269/211 216/218/151 190/217/150
f 193/329/291 214/268/209 215/269/211 194/326/290
f 192/331/292 213/267/207 214/268/209 193/329/291
f 191/276/293 212/266/205 213/267/207 192/331/292
f 189/275/294 211/230/163 212/266/205 191/276/293
f 169/223/295 207/235/168 225/238/171 196/263/229
f 198/333/296 226/227/160 211/230/163 189/275/294
f 163/337/297 209/225/156 228/226/159 199/284/240
f 195/324/298 223/219/152 217/222/155 177/251/289
f 168/297/299 210/215/148 216/218/151 171/261/212
f 170/316/300 178/315/285 222/212/145 208/211/144
f 895/283/232 857/338/301 163/337/301 199/284/233
f 245/339/302 244/340/302 232/341/302 236/342/302
f 240/343/303 239/344/304 234/345/304 235/346/305
f 236/347/306 232/341/307 238/348/307 237/349/308
f 241/350/309 243/351/309 231/352/309 229/353/309
f 244/340/310 242/354/310 238/348/311 232/341/311
f 252/355/302 245/339/302 236/342/302 249/356/302
f 249/357/312 236/347/306 237/349/308 250/358/313
f 251/359/314 246/360/315 240/361/316 247/362/317
f 247/363/318 240/343/303 235/346/305 248/364/319
f 237/365/320 238/348/320 242/354/321 246/360/321
f 239/344/322 240/361/322 246/360/321 242/354/321
f 250/366/323 237/365/324 246/360/315 251/359/314
f 248/367/325 235/368/325 245/339/325 252/355/325
f 234/345/326 239/344/326 242/354/310 244/340/310
f 230/369/327 233/370/327 243/371/327 241/372/327
f 235/368/325 234/345/325 244/340/325 245/339/325
f 233/373/325 248/367/325 252/355/325 243/374/325
f 229/375/328 250/366/323 251/359/314 241/376/328
f 230/369/329 247/363/318 248/364/319 233/370/329
f 241/376/328 251/359/314 247/362/317 230/377/328
f 231/352/330 249/357/312 250/358/313 229/353/330
f 243/374/302 252/355/302 249/356/302 231/378/302
f 253/379/331 254/380/331 256/381/332 255/382/333
f 255/382/333 256/381/332 258/383/334 257/384/335
f 257/384/335 258/383/334 260/385/336 259/386/337
f 259/386/337 260/385/336 262/387/338 261/388/339
f 261/388/339 262/387/338 264/389/340 263/390/341
f 263/390/341 264/389/340 266/391/342 265/392/343
f 265/392/343 266/391/342 268/393/344 267/394/345
f 267/394/345 268/393/344 270/395/346 269/396/346
f 269/397/346 270/398/346 272/399/347 271/400/348
f 271/400/348 272/399/347 274/401/349 273/402/350
f 273/402/350 274/401/349 276/403/351 275/404/352
f 275/404/352 276/403/351 278/405/353 277/406/354
f 277/406/354 278/405/353 280/407/355 279/408/356
f 279/408/356 280/407/355 282/409/357 281/410/358
f 281/410/358 282/409/357 284/411/359 283/412/360
f 283/412/360 284/411/359 286/413/361 285/414/361
f 285/414/361 286/413/361 288/415/362 287/416/363
f 287/416/363 288/415/362 290/417/364 289/418/365
f 289/418/365 290/417/364 292/419/366 291/420/367
f 291/420/367 292/419/366 294/421/368 293/422/369
f 293/422/369 294/421/368 296/423/370 295/424/371
f 295/424/371 296/423/370 298/425/372 297/426/373
f 297/426/373 298/425/372 300/427/374 299/428/375
f 299/428/375 300/427/374 302/429/376 301/430/376
f 301/430/376 302/429/376 304/431/377 303/432/378
f 303/432/378 304/431/377 306/433/379 305/434/380
f 305/434/380 306/433/379 308/435/381 307/436/382
f 307/436/382 308/435/381 310/437/383 309/438/384
f 309/438/384 310/437/383 312/439/385 311/440/386
f 311/440/386 312/439/385 314/441/387 313/442/388
f 256/443/389 254/444/389 316/445/389 314/446/389 312/447/389 310/448/389 308/449/389 306/450/389 304/451/389 302/452/389 300/453/389 298/454/389 296/455/389 294/456/389 292/457/389 290/458/389 288/459/389 286/460/389 284/461/389 282/462/389 280/463/389 278/464/389 276/465/389 274/466/389 272/467/389 270/395/389 268/393/389 266/468/389 264/469/389 262/470/389 260/471/389 258/472/389
f 313/442/388 314/441/387 316/473/390 315/474/391
f 315/474/391 316/473/390 254/380/331 253/379/331
f 253/475/328 255/476/328 257/477/328 259/478/328 261/479/328 263/480/328 265/481/328 267/394/328 269/396/328 271/482/328 273/483/328 275/484/328 277/485/328 279/486/328 281/487/328 283/488/328 285/489/328 287/490/328 289/491/328 291/492/328 293/493/328 295/494/328 297/495/328 299/496/328 301/497/328 303/498/328 305/499/328 307/500/328 309/501/328 311/502/328 313/503/328 315/504/328
f 317/505/392 318/506/392 320/507/393 319/508/394
f 319/508/394 320/507/393 346/509/395 345/510/396 321/511/397
f 321/511/397 345/510/396 347/512/398 322/513/399
f 322/513/399 347/512/398 344/514/400
f 323/515/401 341/516/402 325/517/403 324/518/404
f 324/518/404 325/517/403 327/519/405 326/520/406
f 326/520/406 327/519/405 329/521/407 328/522/407
f 328/522/407 329/521/407 331/523/408 330/524/408
f 330/524/408 331/523/408 333/525/409 332/526/409
f 332/526/409 333/525/409 335/527/410 334/528/410
f 320/529/328 318/530/328 337/531/328 335/532/328 333/533/328 331/534/328 329/535/328 327/519/328 325/517/328 339/536/328 342/537/328 346/538/328
f 334/528/410 335/527/410 337/539/411 336/540/411
f 336/540/411 337/539/411 318/506/392 317/505/392
f 317/541/389 319/542/389 321/543/389 322/544/389 344/545/389 343/546/389 340/547/389 338/548/389 323/515/389 324/549/389 326/550/389 328/551/389 330/552/389 332/553/389 334/554/389 336/555/389
f 338/548/412 341/516/402 323/515/401
f 348/556/392 349/557/392 351/558/413 350/559/413
f 350/559/413 351/558/413 353/560/414 352/561/414
f 352/561/414 353/560/414 355/562/415 354/563/415
f 354/563/415 355/562/415 357/564/416 356/565/416
f 356/565/416 357/564/416 359/566/417 358/567/417
f 358/568/417 359/569/417 374/570/418 375/571/419 360/572/420
f 360/573/420 375/574/419 372/575/421 361/576/422
f 361/576/422 372/575/421 373/577/423
f 362/578/424 380/579/425 363/580/426
f 363/580/426 380/579/425 365/581/427 364/582/428
f 364/582/428 365/581/427 367/583/429 366/584/429
f 366/584/429 367/583/429 369/585/410 368/586/410
f 351/587/328 349/588/328 371/589/328 369/590/328 367/583/328 365/581/328 378/591/328 376/592/328 374/593/328 359/594/328 357/595/328 355/596/328 353/597/328
f 368/586/410 369/585/410 371/598/411 370/599/411
f 370/599/411 371/598/411 349/557/392 348/556/392
f 348/600/389 350/601/389 352/602/389 354/603/389 356/604/389 358/605/389 360/606/389 361/607/389 373/608/389 377/609/389 379/610/389 362/611/389 363/580/389 364/612/389 366/613/389 368/614/389 370/615/389
f 381/616/430 404/617/431 403/618/432 383/619/433 382/620/433
f 382/620/433 383/619/433 385/621/414 384/622/414
f 384/622/414 385/621/414 387/623/415 386/624/415
f 386/624/415 387/623/415 389/625/416 388/626/416
f 388/626/416 389/625/416 391/627/434 390/628/434
f 390/628/434 391/627/434 393/629/435 392/630/435
f 392/630/435 393/629/435 395/631/436 394/632/436
f 394/632/436 395/631/436 408/633/437 407/634/438 396/635/439
f 396/635/439 407/634/438 409/636/440 397/637/441
f 397/637/441 409/636/440 410/638/442
f 383/619/328 403/618/328 405/639/328 408/640/328 395/641/328 393/642/328 391/643/328 389/644/328 387/645/328 385/646/328
f 398/647/443 400/648/444 399/649/445 404/617/431 381/616/430
f 381/650/389 382/651/389 384/652/389 386/653/389 388/654/389 390/655/389 392/656/389 394/657/389 396/658/389 397/659/389 410/660/389 406/661/389 402/662/389 401/663/389 398/647/389
f 401/663/446 400/648/444 398/647/443
f 411/664/447 412/665/448 414/666/449 413/667/449
f 413/667/449 414/666/449 416/668/450 415/669/450
f 415/669/450 416/668/450 418/670/451 417/671/451
f 417/671/451 418/670/451 420/672/452 419/673/452
f 419/673/452 420/672/452 422/674/453 421/675/453
f 421/675/453 422/674/453 424/676/454 423/677/454
f 423/677/454 424/676/454 426/678/455 425/679/455
f 425/679/455 426/678/455 427/680/456 432/681/457 433/682/458
f 414/683/389 412/684/389 430/685/389 429/686/389 438/687/389 435/688/389 434/689/389 428/690/389 427/691/389 426/692/389 424/693/389 422/694/389 420/695/389 418/696/389 416/697/389
f 411/664/328 413/667/328 415/698/328 417/699/328 419/700/328 421/701/328 423/702/328 425/703/328 433/704/328 436/705/328
f 431/706/459 432/681/457 427/680/456 428/707/460
f 411/664/447 437/708/461 439/709/462 430/685/463 412/665/448
f 439/709/462 429/686/464 430/685/463
f 434/710/465 431/706/459 428/707/460
f 440/711/466 441/712/466 443/713/467 442/714/467
f 442/714/467 443/713/467 445/715/450 444/716/450
f 444/716/450 445/715/450 447/717/451 446/718/451
f 446/718/451 447/717/451 449/719/452 448/720/452
f 448/720/452 449/719/452 451/721/468 450/722/468
f 450/722/468 451/721/468 452/723/469 464/724/470 465/725/471
f 456/726/472 457/727/473 459/728/474 458/729/474
f 458/729/474 459/728/474 461/730/475 460/731/475
f 443/732/389 441/733/389 463/734/389 461/735/389 459/736/389 457/737/389 455/738/389 454/739/389 468/740/389 466/741/389 453/742/389 452/743/389 451/744/389 449/745/389 447/746/389 445/747/389
f 460/731/475 461/730/475 463/748/476 462/749/476
f 462/749/476 463/748/476 441/712/466 440/711/466
f 440/750/328 442/751/328 444/752/328 446/753/328 448/754/328 450/755/328 465/756/328 467/757/328 469/758/328 471/759/328 456/726/328 458/760/328 460/761/328 462/762/328
f 470/763/477 454/739/478 455/738/479
f 453/764/480 464/724/470 452/723/469
f 471/759/481 470/763/477 455/738/479 457/727/473 456/726/472
f 472/765/466 473/766/466 475/767/482 474/768/482
f 474/768/482 475/767/482 477/769/483 476/770/484
f 476/770/484 477/769/483 478/771/485 495/772/486
f 481/773/487 482/774/487 484/775/488 483/776/488
f 483/776/488 484/775/488 486/777/489 485/778/489
f 485/778/489 486/777/489 488/779/490 487/780/490
f 487/780/490 488/779/490 490/781/474 489/782/474
f 489/782/474 490/781/474 492/783/475 491/784/475
f 475/785/389 473/786/389 494/787/389 492/788/389 490/789/389 488/790/389 486/791/389 484/792/389 482/793/389 480/794/389 479/795/389 499/796/389 497/797/389 496/798/389 478/799/389 477/800/389
f 491/784/475 492/783/475 494/801/476 493/802/476
f 493/802/476 494/801/476 473/766/466 472/765/466
f 472/803/328 474/804/328 476/805/328 498/806/328 500/807/328 502/808/328 481/773/328 483/809/328 485/810/328 487/811/328 489/812/328 491/813/328 493/814/328
f 501/815/491 479/795/492 480/794/493
f 502/808/494 501/815/491 480/794/493 482/774/487 481/773/487
f 496/816/495 495/772/486 478/771/485
f 506/817/143 508/818/143 507/819/143 505/820/143
f 508/821/496 510/822/496 509/823/496 507/824/496
f 510/822/24 512/825/24 511/826/24 509/823/24
f 512/825/497 514/827/497 513/828/497 511/826/497
f 514/827/498 516/829/498 515/830/498 513/828/498
f 516/829/499 518/831/499 517/832/499 515/830/499
f 504/833/500 506/817/500 505/820/500 503/834/500
f 504/835/389 518/836/389 516/837/389 514/838/389 512/839/389 510/840/389 508/818/389 506/817/389
f 526/841/501 540/842/502 535/843/502 528/844/501
f 534/845/25 526/841/25 524/846/25 531/847/25
f 531/848/389 524/846/389 522/849/389 532/850/389
f 529/851/503 536/852/504 539/853/504 530/854/503
f 524/846/498 526/841/498 528/844/498 522/849/498
f 532/855/24 522/849/24 528/844/24 533/856/24
f 520/857/25 530/858/25 534/845/25 525/859/25
f 521/860/24 532/855/24 533/856/24 527/861/24
f 527/861/24 533/856/24 529/862/24 519/863/24
f 523/864/389 531/848/389 532/850/389 521/865/389
f 525/859/25 534/845/25 531/847/25 523/866/25
f 519/867/328 529/851/328 530/854/328 520/868/328
f 535/843/502 540/842/502 542/869/505 537/870/505
f 537/870/505 542/869/505 541/871/506 538/872/506
f 538/872/506 541/871/506 539/853/504 536/852/504
f 533/856/24 528/844/24 535/873/24
f 535/873/24 537/874/24 533/856/24
f 537/874/24 538/875/24 533/856/24
f 538/875/24 536/876/24 533/856/24
f 533/856/24 536/876/24 529/862/24
f 530/858/25 539/877/25 534/845/25
f 539/877/25 541/878/25 534/845/25
f 541/878/25 542/879/25 534/845/25
f 542/879/25 540/880/25 534/845/25
f 534/845/25 540/880/25 526/841/25
f 544/881/507 546/882/508 545/883/508 543/884/507
f 546/882/508 598/885/509 547/886/509 545/883/508
f 598/885/509 549/887/510 548/888/510 547/886/509
f 549/887/510 551/889/511 550/890/511 548/888/510
f 551/889/511 553/891/512 552/892/512 550/890/511
f 553/891/512 555/893/513 554/894/513 552/892/512
f 555/893/513 557/895/514 556/896/514 554/894/513
f 557/895/514 559/897/515 558/898/515 556/896/514
f 559/897/515 561/899/516 560/900/516 558/898/515
f 563/901/517 565/902/518 564/903/518 562/904/517
f 577/905/519 591/906/520 586/907/520 579/908/519
f 585/909/25 577/905/25 575/910/25 582/911/25
f 580/912/521 587/913/522 590/914/522 581/915/521
f 575/910/143 577/905/143 579/908/143 573/916/143
f 583/917/24 573/916/24 579/908/24 584/918/24
f 571/919/25 581/920/25 585/909/25 576/921/25
f 572/922/24 583/917/24 584/918/24 578/923/24
f 578/923/24 584/918/24 580/924/24 570/925/24
f 576/921/25 585/909/25 582/911/25 574/926/25
f 580/912/521 581/915/521 596/927/523 597/928/523
f 586/907/520 591/906/520 593/929/524 588/930/524
f 588/930/524 593/929/524 592/931/525 589/932/525
f 589/932/525 592/931/525 590/914/522 587/913/522
f 584/918/24 579/908/24 586/933/24
f 586/933/24 588/934/24 584/918/24
f 588/934/24 589/935/24 584/918/24
f 589/935/24 587/936/24 584/918/24
f 584/918/24 587/936/24 580/924/24
f 581/920/25 590/937/25 585/909/25
f 590/937/25 592/938/25 585/909/25
f 592/938/25 593/939/25 585/909/25
f 593/939/25 591/940/25 585/909/25
f 585/909/25 591/940/25 577/905/25
f 595/941/389 597/928/389 596/927/389 594/942/389
f 570/925/24 580/924/24 597/943/24 595/944/24
f 581/920/25 571/919/25 594/945/25 596/946/25
f 504/833/25 503/834/25 517/832/25 518/831/25
f 564/903/518 565/902/518 544/881/507 543/884/507
f 544/947/389 565/948/389 563/949/389 569/950/389 568/951/389 566/952/389 567/953/389 561/954/389 559/955/389 557/956/389 555/957/389 553/958/389 551/889/389 549/887/389 598/959/389 546/960/389
f 39/118/24 37/101/24 85/102/24 87/961/24
f 855/962/526 854/963/527 608/964/528 609/965/529
f 762/966/328 855/962/526 609/965/529
f 600/967/530 599/968/531 602/969/532 603/970/533
f 851/971/534 600/967/530 603/970/533 604/972/535
f 601/973/536 851/971/534 604/972/535 605/974/537
f 852/975/538 601/973/536 605/974/537 606/976/539
f 853/977/540 852/975/538 606/976/539 607/978/541
f 854/963/527 853/977/540 607/978/541 608/964/528
f 608/964/528 607/978/541 615/979/542 616/980/543
f 609/965/529 608/964/528 616/980/543 617/981/544
f 762/966/328 609/965/529 617/981/544
f 603/970/533 602/969/532 610/982/545 611/983/546
f 604/972/535 603/970/533 611/983/546 612/984/547
f 605/974/537 604/972/535 612/984/547 613/985/548
f 606/976/539 605/974/537 613/985/548 614/986/549
f 607/978/541 606/976/539 614/986/549 615/979/542
f 612/984/547 611/983/546 619/987/550 620/988/551
f 613/985/548 612/984/547 620/988/551 621/989/552
f 614/986/549 613/985/548 621/989/552 622/990/553
f 615/979/542 614/986/549 622/990/553 623/991/554
f 616/980/543 615/979/542 623/991/554 624/992/555
f 617/981/544 616/980/543 624/992/555 625/993/556
f 762/966/328 617/981/544 625/993/556
f 611/983/546 610/982/545 618/994/557 619/987/550
f 624/992/555 623/991/554 631/995/558 632/996/559
f 625/993/556 624/992/555 632/996/559 633/997/560
f 762/966/328 625/993/556 633/997/560
f 619/987/550 618/994/557 626/998/561 627/999/562
f 620/988/551 619/987/550 627/999/562 628/1000/563
f 621/989/552 620/988/551 628/1000/563 629/1001/564
f 622/990/553 621/989/552 629/1001/564 630/1002/565
f 623/991/554 622/990/553 630/1002/565 631/995/558
f 629/1001/564 628/1000/563 636/1003/566 637/1004/567
f 630/1002/565 629/1001/564 637/1004/567 638/1005/568
f 631/995/558 630/1002/565 638/1005/568 639/1006/569
f 632/996/559 631/995/558 639/1006/569 640/1007/570
f 633/997/560 632/996/559 640/1007/570 641/1008/571
f 762/966/328 633/997/560 641/1008/571
f 627/999/562 626/998/561 634/1009/572 635/1010/573
f 628/1000/563 627/999/562 635/1010/573 636/1003/566
f 641/1008/571 640/1007/570 648/1011/574 649/1012/575
f 762/966/328 641/1008/571 649/1012/575
f 635/1010/573 634/1009/572 642/1013/576 643/1014/577
f 636/1003/566 635/1010/573 643/1014/577 644/1015/578
f 637/1004/567 636/1003/566 644/1015/578 645/1016/579
f 638/1005/568 637/1004/567 645/1016/579 646/1017/580
f 639/1006/569 638/1005/568 646/1017/580 647/1018/581
f 640/1007/570 639/1006/569 647/1018/581 648/1011/574
f 645/1016/579 644/1015/578 652/1019/582 653/1020/583
f 646/1017/580 645/1016/579 653/1020/583 654/1021/584
f 647/1018/581 646/1017/580 654/1021/584 655/1022/585
f 648/1011/574 647/1018/581 655/1022/585 656/1023/586
f 649/1012/575 648/1011/574 656/1023/586 657/1024/587
f 762/966/328 649/1012/575 657/1024/587
f 643/1014/577 642/1013/576 650/1025/588 651/1026/589
f 644/1015/578 643/1014/577 651/1026/589 652/1019/582
f 657/1024/587 656/1023/586 664/1027/590 665/1028/591
f 762/966/328 657/1024/587 665/1028/591
f 651/1026/589 650/1025/588 658/1029/592 659/1030/593
f 652/1019/582 651/1026/589 659/1030/593 660/1031/594
f 653/1020/583 652/1019/582 660/1031/594 661/1032/595
f 654/1021/584 653/1020/583 661/1032/595 662/1033/596
f 655/1022/585 654/1021/584 662/1033/596 663/1034/597
f 656/1023/586 655/1022/585 663/1034/597 664/1027/590
f 662/1033/596 661/1032/595 669/1035/598 670/1036/599
f 663/1034/597 662/1033/596 670/1036/599 671/1037/600
f 664/1027/590 663/1034/597 671/1037/600 672/1038/601
f 665/1028/591 664/1027/590 672/1038/601 673/1039/602
f 762/966/328 665/1028/591 673/1039/602
f 659/1030/593 658/1029/592 666/1040/603 667/1041/604
f 660/1031/594 659/1030/593 667/1041/604 668/1042/605
f 661/1032/595 660/1031/594 668/1042/605 669/1035/598
f 762/966/328 673/1039/602 681/1043/606
f 667/1041/604 666/1040/603 674/1044/607 675/1045/608
f 668/1042/605 667/1041/604 675/1045/608 676/1046/609
f 669/1035/598 668/1042/605 676/1046/609 677/1047/610
f 670/1036/599 669/1035/598 677/1047/610 678/1048/611
f 671/1037/600 670/1036/599 678/1048/611 679/1049/612
f 672/1038/601 671/1037/600 679/1049/612 680/1050/613
f 673/1039/602 672/1038/601 680/1050/613 681/1043/606
f 679/1049/612 678/1048/611 686/1051/614 687/1052/615
f 680/1050/613 679/1049/612 687/1052/615 688/1053/616
f 681/1043/606 680/1050/613 688/1053/616 689/1054/617
f 762/966/328 681/1043/606 689/1054/617
f 675/1045/608 674/1044/607 682/1055/618 683/1056/619
f 676/1046/609 675/1045/608 683/1056/619 684/1057/620
f 677/1047/610 676/1046/609 684/1057/620 685/1058/621
f 678/1048/611 677/1047/610 685/1058/621 686/1051/614
f 683/1056/619 682/1055/618 690/1059/622 691/1060/623
f 684/1057/620 683/1056/619 691/1060/623 692/1061/624
f 685/1058/621 684/1057/620 692/1061/624 693/1062/625
f 686/1051/614 685/1058/621 693/1062/625 694/1063/626
f 687/1052/615 686/1051/614 694/1063/626 695/1064/627
f 688/1053/616 687/1052/615 695/1064/627 696/1065/628
f 689/1054/617 688/1053/616 696/1065/628 697/1066/629
f 762/966/328 689/1054/617 697/1066/629
f 695/1064/627 694/1063/626 702/1067/630 703/1068/631
f 696/1065/628 695/1064/627 703/1068/631 704/1069/632
f 697/1066/629 696/1065/628 704/1069/632 705/1070/633
f 762/966/328 697/1066/629 705/1070/633
f 691/1060/623 690/1059/622 698/1071/634 699/1072/635
f 692/1061/624 691/1060/623 699/1072/635 700/1073/636
f 693/1062/625 692/1061/624 700/1073/636 701/1074/637
f 694/1063/626 693/1062/625 701/1074/637 702/1067/630
f 700/1073/636 699/1072/635 707/1075/638 708/1076/639
f 701/1074/637 700/1073/636 708/1076/639 709/1077/640
f 702/1067/630 701/1074/637 709/1077/640 710/1078/641
f 703/1068/631 702/1067/630 710/1078/641 711/1079/642
f 704/1069/632 703/1068/631 711/1079/642 712/1080/643
f 705/1070/633 704/1069/632 712/1080/643 713/1081/644
f 762/966/328 705/1070/633 713/1081/644
f 699/1072/635 698/1071/634 706/1082/645 707/1075/638
f 712/1080/643 711/1079/642 719/1083/646 720/1084/647
f 713/1081/644 712/1080/643 720/1084/647 721/1085/648
f 762/966/328 713/1081/644 721/1085/648
f 707/1075/638 706/1082/645 714/1086/649 715/1087/650
f 708/1076/639 707/1075/638 715/1087/650 716/1088/651
f 709/1077/640 708/1076/639 716/1088/651 717/1089/652
f 710/1078/641 709/1077/640 717/1089/652 718/1090/653
f 711/1079/642 710/1078/641 718/1090/653 719/1083/646
f 716/1088/651 715/1087/650 723/1091/654 724/1092/655
f 717/1089/652 716/1088/651 724/1092/655 725/1093/656
f 718/1090/653 717/1089/652 725/1093/656 726/1094/657
f 719/1083/646 718/1090/653 726/1094/657 727/1095/658
f 720/1084/647 719/1083/646 727/1095/658 728/1096/659
f 721/1085/648 720/1084/647 728/1096/659 729/1097/660
f 762/966/328 721/1085/648 729/1097/660
f 715/1087/650 714/1086/649 722/1098/661 723/1091/654
f 728/1096/659 727/1095/658 735/1099/662 736/1100/663
f 729/1097/660 728/1096/659 736/1100/663 737/1101/664
f 762/966/328 729/1097/660 737/1101/664
f 723/1091/654 722/1098/661 730/1102/665 731/1103/666
f 724/1092/655 723/1091/654 731/1103/666 732/1104/667
f 725/1093/656 724/1092/655 732/1104/667 733/1105/668
f 726/1094/657 725/1093/656 733/1105/668 734/1106/669
f 727/1095/658 726/1094/657 734/1106/669 735/1099/662
f 733/1105/668 732/1104/667 740/1107/670 741/1108/671
f 734/1106/669 733/1105/668 741/1108/671 742/1109/672
f 735/1099/662 734/1106/669 742/1109/672 743/1110/673
f 736/1100/663 735/1099/662 743/1110/673 744/1111/674
f 737/1101/664 736/1100/663 744/1111/674 745/1112/675
f 762/966/328 737/1101/664 745/1112/675
f 731/1103/666 730/1102/665 738/1113/676 739/1114/677
f 732/1104/667 731/1103/666 739/1114/677 740/1107/670
f 743/1110/673 742/1109/672 750/1115/678 751/1116/679
f 744/1111/674 743/1110/673 751/1116/679 752/1117/680
f 745/1112/675 744/1111/674 752/1117/680 753/1118/681
f 762/966/328 745/1112/675 753/1118/681
f 739/1114/677 738/1113/676 746/1119/682 747/1120/683
f 740/1107/670 739/1114/677 747/1120/683 748/1121/684
f 741/1108/671 740/1107/670 748/1121/684 749/1122/685
f 742/1109/672 741/1108/671 749/1122/685 750/1115/678
f 747/1120/683 746/1119/682 754/1123/686 755/1124/687
f 748/1121/684 747/1120/683 755/1124/687 756/1125/688
f 749/1122/685 748/1121/684 756/1125/688 757/1126/689
f 750/1115/678 749/1122/685 757/1126/689 758/1127/690
f 751/1116/679 750/1115/678 758/1127/690 759/1128/691
f 752/1117/680 751/1116/679 759/1128/691 760/1129/692
f 753/1118/681 752/1117/680 760/1129/692 761/1130/693
f 762/966/328 753/1118/681 761/1130/693
f 759/1128/691 758/1127/690 767/1131/694 768/1132/695
f 760/1129/692 759/1128/691 768/1132/695 769/1133/696
f 761/1130/693 760/1129/692 769/1133/696 770/1134/697
f 762/966/328 761/1130/693 770/1134/697
f 755/1124/687 754/1123/686 763/1135/698 764/1136/699
f 756/1125/688 755/1124/687 764/1136/699 765/1137/700
f 757/1126/689 756/1125/688 765/1137/700 766/1138/701
f 758/1127/690 757/1126/689 766/1138/701 767/1131/694
f 765/1137/700 764/1136/699 772/1139/702 773/1140/703
f 766/1138/701 765/1137/700 773/1140/703 774/1141/704
f 767/1131/694 766/1138/701 774/1141/704 775/1142/705
f 768/1132/695 767/1131/694 775/1142/705 776/1143/706
f 769/1133/696 768/1132/695 776/1143/706 777/1144/707
f 770/1134/697 769/1133/696 777/1144/707 778/1145/708
f 762/966/328 770/1134/697 778/1145/708
f 764/1136/699 763/1135/698 771/1146/709 772/1139/702
f 777/1144/707 776/1143/706 784/1147/710 785/1148/711
f 778/1145/708 777/1144/707 785/1148/711 786/1149/712
f 762/966/328 778/1145/708 786/1149/712
f 772/1139/702 771/1146/709 779/1150/713 780/1151/714
f 773/1140/703 772/1139/702 780/1151/714 781/1152/715
f 774/1141/704 773/1140/703 781/1152/715 782/1153/716
f 775/1142/705 774/1141/704 782/1153/716 783/1154/717
f 776/1143/706 775/1142/705 783/1154/717 784/1147/710
f 781/1152/715 780/1151/714 788/1155/718 789/1156/719
f 782/1153/716 781/1152/715 789/1156/719 790/1157/720
f 783/1154/717 782/1153/716 790/1157/720 791/1158/721
f 784/1147/710 783/1154/717 791/1158/721 792/1159/722
f 785/1148/711 784/1147/710 792/1159/722 793/1160/723
f 786/1149/712 785/1148/711 793/1160/723 794/1161/724
f 762/966/328 786/1149/712 794/1161/724
f 780/1151/714 779/1150/713 787/1162/725 788/1155/718
f 793/1160/723 792/1159/722 800/1163/726 801/1164/727
f 794/1161/724 793/1160/723 801/1164/727 802/1165/728
f 762/966/328 794/1161/724 802/1165/728
f 788/1155/718 787/1162/725 795/1166/729 796/1167/730
f 789/1156/719 788/1155/718 796/1167/730 797/1168/731
f 790/1157/720 789/1156/719 797/1168/731 798/1169/732
f 791/1158/721 790/1157/720 798/1169/732 799/1170/733
f 792/1159/722 791/1158/721 799/1170/733 800/1163/726
f 798/1169/732 797/1168/731 805/1171/734 806/1172/735
f 799/1170/733 798/1169/732 806/1172/735 807/1173/736
f 800/1163/726 799/1170/733 807/1173/736 808/1174/737
f 801/1164/727 800/1163/726 808/1174/737 809/1175/738
f 802/1165/728 801/1164/727 809/1175/738 810/1176/739
f 762/966/328 802/1165/728 810/1176/739
f 796/1167/730 795/1166/729 803/1177/740 804/1178/741
f 797/1168/731 796/1167/730 804/1178/741 805/1171/734
f 810/1176/739 809/1175/738 817/1179/742 818/1180/743
f 762/966/328 810/1176/739 818/1180/743
f 804/1178/741 803/1177/740 811/1181/744 812/1182/745
f 805/1171/734 804/1178/741 812/1182/745 813/1183/746
f 806/1172/735 805/1171/734 813/1183/746 814/1184/747
f 807/1173/736 806/1172/735 814/1184/747 815/1185/748
f 808/1174/737 807/1173/736 815/1185/748 816/1186/749
f 809/1175/738 808/1174/737 816/1186/749 817/1179/742
f 815/1185/748 814/1184/747 822/1187/750 823/1188/751
f 816/1186/749 815/1185/748 823/1188/751 824/1189/752
f 817/1179/742 816/1186/749 824/1189/752 825/1190/753
f 818/1180/743 817/1179/742 825/1190/753 826/1191/754
f 762/966/328 818/1180/743 826/1191/754
f 812/1182/745 811/1181/744 819/1192/755 820/1193/756
f 813/1183/746 812/1182/745 820/1193/756 821/1194/757
f 814/1184/747 813/1183/746 821/1194/757 822/1187/750
f 762/966/328 826/1191/754 834/1195/758
f 820/1193/756 819/1192/755 827/1196/759 828/1197/760
f 821/1194/757 820/1193/756 828/1197/760 829/1198/761
f 822/1187/750 821/1194/757 829/1198/761 830/1199/762
f 823/1188/751 822/1187/750 830/1199/762 831/1200/763
f 824/1189/752 823/1188/751 831/1200/763 832/1201/764
f 825/1190/753 824/1189/752 832/1201/764 833/1202/765
f 826/1191/754 825/1190/753 833/1202/765 834/1195/758
f 831/1200/763 830/1199/762 838/1203/766 839/1204/767
f 832/1201/764 831/1200/763 839/1204/767 840/1205/768
f 833/1202/765 832/1201/764 840/1205/768 841/1206/769
f 834/1195/758 833/1202/765 841/1206/769 842/1207/770
f 762/966/328 834/1195/758 842/1207/770
f 828/1197/760 827/1196/759 835/1208/771 836/1209/772
f 829/1198/761 828/1197/760 836/1209/772 837/1210/773
f 830/1199/762 829/1198/761 837/1210/773 838/1203/766
f 762/966/328 842/1207/770 850/1211/774
f 836/1209/772 835/1208/771 843/1212/775 844/1213/776
f 837/1210/773 836/1209/772 844/1213/776 845/1214/777
f 838/1203/766 837/1210/773 845/1214/777 846/1215/778
f 839/1204/767 838/1203/766 846/1215/778 847/1216/779
f 840/1205/768 839/1204/767 847/1216/779 848/1217/780
f 841/1206/769 840/1205/768 848/1217/780 849/1218/781
f 842/1207/770 841/1206/769 849/1218/781 850/1211/774
f 848/1217/780 847/1216/779 852/975/538 853/977/540
f 849/1218/781 848/1217/780 853/977/540 854/963/527
f 850/1211/774 849/1218/781 854/963/527 855/962/526
f 762/966/328 850/1211/774 855/962/526
f 844/1213/776 843/1212/775 599/968/531 600/967/530
f 845/1214/777 844/1213/776 600/967/530 851/971/534
f 846/1215/778 845/1214/777 851/971/534 601/973/536
f 847/1216/779 846/1215/778 601/973/536 852/975/538
f 861/224/498 888/262/498 904/262/498 903/224/498
f 871/328/498 873/325/498 931/325/498 935/328/498
f 957/310/498 890/281/498 912/281/498 961/310/498
f 892/323/498 877/250/498 929/250/498 914/323/498
f 864/244/498 899/243/498 909/243/498 940/244/498
f 884/258/498 882/256/498 922/256/498 920/258/498
f 900/209/498 861/224/498 903/224/498 946/209/498
f 875/249/184 872/247/498 930/247/498 933/249/782
f 956/306/498 892/308/498 914/308/498 960/306/498
f 898/332/498 865/274/498 941/274/498 908/332/498
f 883/319/498 885/317/498 921/317/498 923/319/498
f 860/294/498 901/293/498 947/293/498 902/294/498
f 866/240/498 864/244/498 940/244/498 938/240/498
f 856/210/498 900/209/498 946/209/498 944/210/498
f 873/325/498 874/327/269 932/327/783 931/325/498
f 896/291/498 894/290/498 910/290/498 906/291/498
f 865/274/498 867/277/498 939/277/498 941/274/498
f 886/260/498 884/258/498 920/258/498 916/260/498
f 901/293/498 857/1219/498 945/1219/498 947/293/498
f 895/283/498 897/286/498 907/286/498 911/283/498
f 885/317/498 887/314/498 917/314/498 921/317/498
f 878/232/498 876/255/498 928/255/498 926/232/498
f 857/1219/143 901/293/143 209/296/143 163/1220/143
f 903/224/784 904/1221/785 905/1222/786 902/294/784
f 958/299/787 908/301/788 909/304/789 959/303/787
f 911/283/790 907/286/791 906/291/792 910/290/793
f 960/1223/794 914/1224/795 915/1225/795 961/1226/794
f 904/1221/785 913/1227/796 912/1228/797 905/1222/786
f 917/1229/798 918/1230/799 919/1231/799 916/1232/800
f 921/1233/801 917/1229/798 916/1232/800 920/1234/802
f 923/1235/803 921/1233/801 920/1234/802 922/1236/804
f 925/1237/805 923/1235/803 922/1236/804 924/1238/806
f 927/1239/807 925/1237/805 924/1238/806 926/1240/808
f 929/1241/809 927/1239/807 926/1240/808 928/1242/810
f 931/1243/811 932/1244/783 933/1245/782 930/1246/812
f 935/1247/813 931/1243/811 930/1246/812 934/1248/814
f 937/1249/815 935/1247/813 934/1248/814 936/1250/816
f 939/1251/817 937/1249/815 936/1250/816 938/1252/818
f 941/1253/819 939/1251/817 938/1252/818 940/1254/820
f 908/1255/788 941/1253/819 940/1254/820 909/1256/789
f 914/1257/795 929/1241/809 928/1242/810 915/1258/795
f 932/1244/783 942/1259/821 943/1260/822 933/1245/782
f 945/338/823 911/283/790 910/290/793 944/336/823
f 947/293/143 945/1219/143 944/210/143 946/209/143
f 902/294/143 947/293/143 946/209/143 903/224/143
f 881/321/498 883/319/498 923/319/498 925/321/498
f 876/255/498 893/254/498 915/254/498 928/255/498
f 888/262/498 891/265/498 913/265/498 904/262/498
f 872/247/498 870/245/498 934/245/498 930/247/498
f 882/256/498 880/233/498 924/233/498 922/256/498
f 874/327/269 859/334/274 942/334/821 932/327/783
f 890/281/498 889/206/498 905/206/498 912/281/498
f 889/206/498 860/205/498 902/205/498 905/206/498
f 869/330/498 871/328/498 935/328/498 937/330/498
f 879/253/498 881/321/498 925/321/498 927/253/498
f 858/335/277 875/249/184 933/249/782 943/335/822
f 887/314/498 863/313/498 918/313/498 917/314/498
f 870/245/498 868/241/498 936/241/498 934/245/498
f 954/299/498 898/301/498 908/301/498 958/299/498
f 880/233/498 878/232/498 926/232/498 924/233/498
f 863/1261/498 862/1261/498 919/1261/498 918/1261/498
f 857/338/498 895/283/498 911/283/498 945/338/498
f 862/298/498 886/260/498 916/260/498 919/298/498
f 867/277/498 869/330/498 937/330/498 939/277/498
f 955/303/498 896/291/498 906/291/498 959/303/498
f 877/250/498 879/253/498 927/253/498 929/250/498
f 894/290/498 856/336/498 944/336/498 910/290/498
f 868/241/498 866/240/498 938/240/498 936/241/498
f 899/304/498 955/303/498 959/303/498 909/304/498
f 897/286/498 954/299/498 958/299/498 907/286/498
f 913/1227/796 960/1223/794 961/1226/794 912/1228/797
f 907/286/791 958/299/787 959/303/787 906/291/792
f 891/265/498 956/306/498 960/306/498 913/265/498
f 893/311/498 957/310/498 961/310/498 915/311/498
f 202/305/153 223/1262/152 953/278/225 948/302/283
f 204/312/161 226/1263/160 952/287/236 950/309/281
f 206/282/231 890/281/230 957/310/256 950/309/255
f 891/265/203 197/264/202 949/279/252 956/306/252
f 203/292/244 896/291/243 955/303/251 948/302/250
f 897/286/235 200/285/234 951/288/247 954/299/246
f 226/1263/160 198/300/296 951/288/237 952/287/236
f 223/1262/152 195/307/298 949/279/226 953/278/225
l 95 96
l 98 97
